part_id,date,on_hand_qty,consumption_qty,backorder_qty,blocked_qty,avg_weekly_demand,criticality_class,unit_cost,lead_time_days,days_of_coverage,inventory_value,inventory_turns,stock_status,demand_std,demand_mean,lead_time_weeks,safety_stock,reorder_point,vs_safety_stock,target_days,z_score,recommended_ss,recommended_rop,recommended_on_hand,current_value,recommended_value,potential_reduction
P00001,2024-12-23,70,19,0,0,10.807692307692308,B,2323.45,27,45.338078291814945,162641.5,8.028571428571428,Healthy,4.598899426006301,10.807692307692308,3.857142857142857,14.902897632736577,56.589710819549765,4.6970731279958535,30.0,1.65,14.902897632736577,56.589710819549765,46.31868131868132,162641.5,107619.14010989011,55022.35989010989
P00002,2024-12-23,283,32,0,0,38.81410256410256,C,670.84,31,51.038150289017345,189847.72,7.131919905771495,Healthy,13.041771345740349,38.81410256410256,4.428571428571429,45.28478944656561,217.17581508759125,6.249338982439779,21.0,1.28,35.13001847975999,207.02104412078563,116.44230769230768,189847.72,78114.1576923077,111733.56230769231
P00003,2024-12-23,336,7,0,0,22.78205128205128,C,219.44,49,103.23916713562184,73731.84,3.5257936507936507,Excess,8.839278084516726,22.78205128205128,7.0,38.58777710860814,198.06213608296713,8.707420462554847,21.0,1.28,29.93476042364753,189.4091193980065,68.34615384615384,73731.84,14997.88,58733.96
P00004,2024-12-23,41,5,0,0,4.185897435897436,A,12488.8,33,68.56355283307809,512040.8,5.308943089430896,Healthy,2.411810957069095,4.185897435897436,4.714285714285714,8.640426058301907,28.373942541818394,4.745136376765394,45.0,2.33,12.201328918692997,31.934845402209483,26.90934065934066,512040.8,336065.37362637365,175975.42637362634
P00005,2024-12-23,802,31,0,0,42.006410256410255,C,1319.96,63,133.64626888448038,1058607.92,2.7236076475477975,Excess,12.898360383358458,42.006410256410255,9.0,63.846883897624366,441.9045762053167,12.561302150406766,21.0,1.28,49.52970387209648,427.5873961797888,126.01923076923077,1058607.92,166340.34384615385,892267.5761538461
P00006,2024-12-23,627,32,0,0,33.07692307692308,C,665.36,68,132.6906976744186,417180.72000000003,2.743221690590112,Excess,10.83693711134908,33.07692307692308,9.714285714285714,55.730884228856134,377.0495655475375,11.250494383424016,21.0,1.28,43.233655644203544,364.5523369628849,99.23076923076924,417180.72000000003,66024.18461538463,351156.5353846154
P00007,2024-12-23,210,7,0,0,13.737179487179487,B,2665.22,46,107.00886607559497,559696.2,3.4015873015873015,Excess,5.387095907440632,13.737179487179487,6.571428571428571,22.786023843073195,113.05891761596696,9.216175733259345,30.0,1.65,22.786023843073195,113.05891761596696,58.87362637362637,559696.2,156911.16648351646,402785.0335164835
P00008,2024-12-23,274,10,0,0,20.846153846153847,C,289.66,50,92.00738007380073,79366.84000000001,3.956204379562044,Excess,8.077969919162133,20.846153846153847,7.142857142857143,35.62231649998689,184.5234154010858,7.691807465696423,21.0,1.28,27.63428189089892,176.53538079199785,62.53846153846154,79366.84000000001,18114.890769230773,61251.94923076924
P00009,2024-12-23,43,1,0,0,5.75,A,3012.47,22,52.34782608695652,129536.20999999999,6.953488372093023,Healthy,3.256011809442005,5.75,3.142857142857143,9.524281786485899,27.59571035791447,4.514776123173208,45.0,2.33,13.449440340916452,31.520868912345023,36.964285714285715,129536.20999999999,111353.80178571428,18182.408214285708
P00010,2024-12-23,120,4,0,0,13.948717948717949,C,1488.91,33,60.22058823529412,178669.2,6.044444444444444,Healthy,6.6145439672079736,13.948717948717949,4.714285714285714,23.696914507553632,89.4551562657954,5.063950412689753,21.0,1.28,18.383060951314334,84.1413027095561,41.84615384615385,178669.2,62305.156923076924,116364.04307692309
P00011,2024-12-23,196,13,0,0,18.365384615384617,C,538.02,40,74.70575916230365,105451.92,4.872448979591837,Healthy,7.214757759518748,18.365384615384617,5.714285714285714,28.45684011586059,133.40189506091554,6.8876234747778,21.0,1.28,22.075609302000945,127.02066424705589,55.096153846153854,105451.92,29642.832692307697,75809.0873076923
P00012,2024-12-23,43,10,1,0,4.711538461538462,C,355.03,49,63.88571428571428,15266.289999999999,5.6976744186046515,Healthy,3.6755681858501474,4.711538461538462,7.0,16.04565492192354,49.02642415269277,2.679853219406341,21.0,1.28,12.447538363674019,45.428307594443254,14.134615384615385,15266.289999999999,5018.2125,10248.0775
P00013,2024-12-23,32,5,0,0,2.7564102564102564,A,1751.39,33,81.26511627906977,56044.48,4.479166666666666,Healthy,2.104899951255962,2.7564102564102564,4.714285714285714,7.540902961587046,20.53540845609254,4.243523642063328,45.0,2.33,10.64866903060474,23.643174525110233,17.71978021978022,56044.48,31034.24587912088,25010.234120879122
P00014,2024-12-23,134,12,0,2,12.314102564102564,C,188.1,46,76.172826652785,25205.399999999998,4.778606965174129,Healthy,4.540576185093532,12.314102564102564,6.571428571428571,19.205464129927734,100.12670955117315,6.977181030016806,21.0,1.28,14.89878429473182,95.82002971597724,36.94230769230769,25205.399999999998,6948.848076923077,18256.55192307692
P00015,2024-12-23,36,2,0,0,2.6794871794871793,A,3003.43,36,94.04784688995217,108123.48,3.87037037037037,Excess,1.7338645238112889,2.6794871794871793,5.142857142857143,6.487857991016112,20.268077771235895,5.548826754508196,45.0,2.33,9.161641890343965,22.941861670563746,17.225274725274726,108123.48,51734.90686813187,56388.57313186813
P00016,2024-12-23,63,6,0,0,13.967948717948717,B,2044.15,15,31.572280862781092,128781.45000000001,11.529100529100528,Healthy,5.809247213232536,13.967948717948717,2.142857142857143,14.031380828444995,43.962699509763674,4.4899358637806905,30.0,1.65,14.031380828444995,43.962699509763674,59.86263736263736,128781.45000000001,122368.21016483517,6413.239835164844
P00017,2024-12-23,168,12,0,0,10.35897435897436,A,6462.47,44,113.52475247524751,1085694.96,3.2063492063492065,Excess,5.091357278886819,10.35897435897436,6.285714285714286,21.06176857984013,86.17532169339324,7.976538122292634,45.0,2.33,29.74177017638031,94.85532328993342,66.5934065934066,1085694.96,430357.8923076924,655337.0676923075
P00018,2024-12-23,429,21,0,0,34.22435897435897,C,1153.39,44,87.74452144596367,494804.31000000006,4.1484071484071485,Healthy,11.463025394691332,34.22435897435897,6.285714285714286,47.41988724480289,262.544429369345,9.046837201136901,21.0,1.28,36.786336771725885,251.910878896268,102.6730769230769,494804.31000000006,118422.10019230768,376382.2098076924
P00019,2024-12-23,118,17,0,0,14.871794871794872,B,2838.25,34,55.54137931034482,334913.5,6.553672316384182,Healthy,5.754905844041236,14.871794871794872,4.857142857142857,20.92727133604598,93.16170357047821,5.6385755268892614,30.0,1.65,20.92727133604598,93.16170357047821,63.73626373626374,334913.5,180899.45054945056,154014.04945054944
P00020,2024-12-23,80,4,0,0,5.2756410256410255,C,295.4,46,106.14823815309842,23632.0,3.4291666666666667,Excess,4.029846259692502,5.2756410256410255,6.571428571428571,17.045208501011754,51.71370666950992,4.693401080734884,21.0,1.28,13.2229496250273,47.89144779352547,15.826923076923077,23632.0,4675.273076923077,18956.726923076923
P00021,2024-12-23,83,14,0,0,5.602564102564102,C,415.37,49,103.70251716247141,34475.71,3.51004016064257,Excess,4.248232250469466,5.602564102564102,7.0,18.54561397653767,57.76356269448638,4.475451721631029,21.0,1.28,14.386900539374679,53.604849257323394,16.807692307692307,34475.71,6981.411153846154,27494.298846153844
P00022,2024-12-23,70,8,0,0,3.6666666666666665,A,5429.21,49,133.63636363636363,380044.7,2.723809523809524,Excess,2.113957711095725,3.6666666666666665,7.0,9.228460536349916,34.89512720301658,7.585230464417929,45.0,2.33,13.031704878603216,38.69837154526988,23.571428571428573,380044.7,127974.23571428572,252070.4642857143
P00023,2024-12-23,83,6,0,0,5.621794871794871,A,2333.09,40,103.34777651083239,193646.47,3.5220883534136544,Excess,2.8314887198352343,5.621794871794871,5.714285714285714,11.168111872350474,43.2926539968926,7.431873977327161,45.0,2.33,15.770727674288851,47.895269798830974,36.14010989010989,193646.47,84318.1289835165,109328.34101648351
P00024,2024-12-23,98,8,0,0,5.621794871794871,A,7635.37,45,122.02508551881414,748266.26,2.9829931972789114,Excess,2.8177844161176466,5.621794871794871,6.428571428571429,11.788239316538212,47.9283492066481,8.313370416777314,45.0,2.33,16.64642279244487,52.786532682554764,36.14010989010989,748266.26,275943.1108516483,472323.1491483517
P00025,2024-12-23,214,18,0,0,23.775641025641026,C,449.8,37,63.00566190347803,96257.2,5.777258566978193,Healthy,10.713617333124633,23.775641025641026,5.285714285714286,40.64170475086788,166.3129501721133,5.265527155216838,21.0,1.28,31.528110352188417,157.19935577343384,71.32692307692308,96257.2,32082.850000000002,64174.34999999999
P00026,2024-12-23,160,32,0,0,19.403846153846153,C,1094.97,35,57.720515361744305,175195.2,6.3062499999999995,Healthy,6.383222814437807,19.403846153846153,5.0,23.550978212207262,120.57020898143804,6.79377300417469,21.0,1.28,18.269849764621394,115.28908053385217,58.21153846153846,175195.2,63739.88826923077,111455.31173076924
P00027,2024-12-23,260,13,0,0,18.794871794871796,B,850.73,43,96.83492496589358,221189.80000000002,3.7589743589743594,Excess,6.6930083392013415,18.794871794871796,6.142857142857143,27.370990764182693,142.82520321839516,9.499108097330275,30.0,1.65,27.370990764182693,142.82520321839516,80.54945054945055,221189.80000000002,68525.83406593408,152663.96593406593
P00028,2024-12-23,66,14,0,0,10.275641025641026,C,471.91,30,44.96069868995633,31146.06,8.095959595959597,Healthy,4.602346831848793,10.275641025641026,4.285714285714286,15.720809151995883,59.75927069045743,4.198257186502437,21.0,1.28,12.19553679669984,56.23399833516138,30.826923076923077,31146.06,14547.53326923077,16598.526730769234
P00029,2024-12-23,58,9,0,0,5.141025641025641,A,4196.96,33,78.9725685785536,243423.68,4.609195402298851,Healthy,2.811149960881508,5.141025641025641,4.714285714285714,10.071076800029276,34.30734053629301,5.759066398920858,45.0,2.33,14.22158117822316,38.4578449144869,33.049450549450555,243423.68,138707.221978022,104716.458021978
P00030,2024-12-23,191,16,0,0,12.653846153846153,C,294.96,50,105.65957446808511,56337.35999999999,3.445026178010471,Excess,4.6789216377609595,12.653846153846153,7.142857142857143,20.633157727361993,111.01777311197738,9.256944696676822,21.0,1.28,16.00632841880203,106.39094380341741,37.96153846153846,56337.35999999999,11197.135384615383,45140.224615384606
P00031,2024-12-23,196,19,0,0,10.884615384615385,C,472.16,59,126.04946996466431,92543.36,2.8877551020408165,Excess,4.087686526806967,10.884615384615385,8.428571428571429,19.581164396270957,111.32292263802921,10.00961924599981,21.0,1.28,15.190236622561715,106.93199486431996,32.65384615384615,92543.36,15417.84,77125.52
P00032,2024-12-23,56,3,0,0,6.647435897435898,C,991.12,35,58.970106075216975,55502.72,6.1726190476190474,Healthy,5.3627201657842924,6.647435897435898,5.0,19.78582127775432,53.02300076493381,2.830309604735092,21.0,1.28,15.349000748803354,48.586180235982845,19.942307692307693,55502.72,19765.22,35737.5
P00033,2024-12-23,155,15,0,0,13.012820512820513,C,276.87,49,83.37931034482759,42914.85,4.365591397849462,Healthy,5.074906233981624,13.012820512820513,7.0,22.15445070644313,113.24419429618672,6.996336855913187,21.0,1.28,17.186482972271037,108.27622656201463,39.03846153846154,42914.85,10808.578846153847,32106.27115384615
P00034,2024-12-23,153,7,0,0,8.224358974358974,C,684.58,57,130.22291504286827,104740.74,2.79520697167756,Excess,6.4323514166846785,8.224358974358974,8.142857142857142,30.286013744711305,97.25579396449152,5.05183684091531,21.0,1.28,23.49460460195786,90.46438482173808,24.673076923076923,104740.74,16890.695,87850.04500000001
P00035,2024-12-23,54,2,0,0,4.211538461538462,A,4780.74,40,89.75342465753424,258159.96,4.055555555555555,Healthy,2.336276650058366,4.211538461538462,5.714285714285714,9.214869481849933,33.280803547784,5.860093852263573,45.0,2.33,13.012512662248692,37.078446728182755,27.074175824175825,258159.96,129434.59532967032,128725.36467032967
P00036,2024-12-23,183,13,0,0,16.08974358974359,B,855.05,34,79.61593625498007,156474.15,4.571948998178507,Healthy,6.798834620131168,16.08974358974359,4.857142857142857,24.723437832038414,102.87362098222157,7.401883234978568,30.0,1.65,24.723437832038414,102.87362098222157,68.95604395604396,156474.15,58960.86538461538,97513.28461538462
P00037,2024-12-23,62,3,0,0,4.230769230769231,A,6621.05,37,102.58181818181818,410505.10000000003,3.5483870967741935,Excess,2.467455667075424,4.230769230769231,5.285714285714286,9.36020034961319,31.722837712250552,6.623789842549913,45.0,2.33,13.217737463393172,35.580374826030535,27.1978021978022,410505.10000000003,180078.00824175827,230427.09175824176
P00038,2024-12-23,99,9,0,0,18.76923076923077,C,1144.08,24,36.92213114754098,113263.92,9.85858585858586,Healthy,6.149582890493238,18.76923076923077,3.4285714285714284,18.78824456927888,83.13989292092722,5.269252251584873,21.0,1.28,14.575123059804223,78.92677141145258,56.30769230769231,113263.92,64420.50461538461,48843.415384615386
P00039,2024-12-23,114,14,0,0,15.224358974358974,C,1599.03,27,52.416,182289.41999999998,6.944444444444445,Healthy,7.372637920650633,15.224358974358974,3.857142857142857,23.891296163896087,82.61382363642356,4.77161218955855,21.0,1.28,18.533853993810297,77.25638146633777,45.67307692307692,182289.41999999998,73032.62019230769,109256.7998076923
P00040,2024-12-23,340,16,0,10,18.53846153846154,C,166.51,61,128.3817427385892,56613.399999999994,2.835294117647059,Excess,8.277746783480055,18.53846153846154,8.714285714285714,40.31920673087829,201.86865728032882,8.432705590400728,21.0,1.28,31.27793007001468,192.82738061946523,55.61538461538462,56613.399999999994,9260.517692307692,47352.8823076923
P00041,2024-12-23,74,17,0,0,16.19871794871795,C,700.78,24,31.977839335180057,51857.72,11.382882882882882,Healthy,5.642488437302738,16.19871794871795,3.4285714285714284,17.23896638636399,72.77742792482553,4.292600747718491,21.0,1.28,13.373258772452067,68.9117203109136,48.59615384615385,51857.72,34055.212692307694,17802.507307692307
P00042,2024-12-23,230,18,0,0,15.493589743589743,B,2238.82,42,103.91394290442699,514928.60000000003,3.502898550724637,Excess,5.923705025079505,15.493589743589743,6.0,23.94159025203893,116.90312871357739,9.606713571602144,30.0,1.65,23.94159025203893,116.90312871357739,66.40109890109889,514928.60000000003,148660.10824175822,366268.4917582418
P00043,2024-12-23,26,1,0,0,5.448717948717949,C,1779.33,21,33.40235294117647,46262.58,10.897435897435898,Healthy,4.05811790444603,5.448717948717949,3.0,11.59762954944902,27.943783395602864,2.241837427997104,21.0,1.28,8.996948983814997,25.343102829968842,16.346153846153847,46262.58,29085.201923076922,17177.37807692308
P00044,2024-12-23,83,9,0,0,10.397435897435898,B,1222.57,25,55.87916152897657,101473.31,6.514056224899599,Healthy,4.7446805353955215,10.397435897435898,3.5714285714285716,14.794895594802727,51.92859522850236,5.610042968411141,30.0,1.65,14.794895594802727,51.92859522850236,44.56043956043956,101473.31,54478.25659340659,46995.053406593404
P00045,2024-12-23,112,16,0,0,12.538461538461538,B,4045.15,29,62.52760736196319,453056.8,5.821428571428571,Healthy,5.010163367865834,12.538461538461538,4.142857142857143,16.826190844452114,68.77124578950706,6.656289651970062,30.0,1.65,16.826190844452114,68.77124578950706,53.73626373626374,453056.8,217371.24725274727,235685.55274725272
P00046,2024-12-23,382,14,0,0,21.576923076923077,C,174.12,51,123.92869875222816,66513.84,2.93717277486911,Excess,7.291212971824118,21.576923076923077,7.285714285714286,32.47280436878221,189.6761010720789,11.76368987605014,21.0,1.28,25.191023995176504,182.3943206984732,64.73076923076923,66513.84,11270.921538461538,55242.91846153846
P00047,2024-12-23,92,8,0,0,8.775641025641026,C,175.38,47,73.38495252008767,16134.96,4.960144927536231,Healthy,5.865782370003301,8.775641025641026,6.714285714285714,25.078975956957017,84.00113712911819,3.6684113481307756,21.0,1.28,19.455205590851506,78.37736676301267,26.326923076923077,16134.96,4617.215769230769,11517.744230769229
P00048,2024-12-23,367,23,0,0,20.05128205128205,C,1384.03,63,128.1214833759591,507939.01,2.841053587647593,Excess,6.520236362027686,20.05128205128205,9.0,32.27516999203704,212.7367084535755,11.370970318376218,21.0,1.28,25.03770763018631,205.49924609172476,60.15384615384615,507939.01,83254.72769230769,424684.28230769234
P00049,2024-12-23,86,3,0,0,5.967948717948718,A,10717.62,45,100.87218045112782,921715.3200000001,3.608527131782946,Excess,2.84303307321911,5.967948717948718,6.428571428571429,11.893867415916853,50.25925203130147,7.230617005610078,45.0,2.33,16.7955824721735,55.16096708755812,38.36538461538462,921715.3200000001,411185.61346153857,510529.7065384615
P00050,2024-12-23,84,0,0,0,8.314102564102564,C,448.26,36,70.72320740169621,37653.84,5.146825396825398,Healthy,7.026038655559243,8.314102564102564,5.142857142857143,26.290370678129996,69.04861243637176,3.1950861792099623,21.0,1.28,20.39495422303418,63.15319598127594,24.942307692307693,37653.84,11180.638846153846,26473.201153846152
P00051,2024-12-23,96,5,0,0,5.378205128205129,A,8954.31,39,124.94874851013111,859613.76,2.913194444444444,Excess,2.938823439620667,5.378205128205129,5.571428571428571,11.445656889665381,41.409942603951094,8.387460931725222,45.0,2.33,16.16265488055778,46.1269405948435,34.574175824175825,859613.76,309587.8883241758,550025.8716758243
P00052,2024-12-23,89,21,0,0,14.621794871794872,C,1176.07,28,42.60762823323104,104670.23,8.543071161048688,Healthy,7.002619739016525,14.621794871794872,4.0,23.10864513875453,81.59582462593401,3.8513724827052656,21.0,1.28,17.926706531882303,76.41388601906179,43.86538461538461,104670.23,51588.76288461538,53081.467115384614
P00053,2024-12-23,77,10,0,0,4.217948717948718,C,501.15,65,127.7872340425532,38588.549999999996,2.8484848484848486,Excess,3.298670058097944,4.217948717948718,9.285714285714286,16.58557302956078,55.75223969622745,4.642589065976885,21.0,1.28,12.866383925962303,52.033050592628975,12.653846153846153,38588.549999999996,6341.474999999999,32247.074999999997
P00054,2024-12-23,168,13,0,0,14.76923076923077,B,4059.97,38,79.625,682074.96,4.571428571428571,Healthy,5.150441451604125,14.76923076923077,5.428571428571429,19.800272950972236,99.97609712679642,8.484731519408212,30.0,1.65,19.800272950972236,99.97609712679642,63.2967032967033,682074.96,256982.71648351647,425092.24351648346
P00055,2024-12-23,61,0,0,1,4.4423076923076925,A,4354.59,34,96.12121212121212,265629.99,3.7868852459016393,Excess,2.5329834114693996,4.4423076923076925,4.857142857142857,9.210998855247945,30.787921932171024,6.622517379344303,45.0,2.33,13.007046868319826,34.5839699452429,28.55769230769231,265629.99,124357.04134615386,141272.94865384614
P00056,2024-12-23,559,45,0,0,32.51923076923077,B,1158.25,49,120.32879952690716,647461.75,3.0250447227191413,Excess,10.768215567179208,32.51923076923077,7.0,47.008533750239366,274.64314913485475,11.891457899325642,30.0,1.65,47.008533750239366,274.64314913485475,139.36813186813185,647461.75,161423.13873626373,486038.61126373627
P00057,2024-12-23,336,37,0,0,22.173076923076923,C,118.18,56,106.0745880312229,39708.48,3.431547619047619,Excess,8.426657747532214,22.173076923076923,8.0,39.32640911772003,216.71102450233542,8.543876940155267,21.0,1.28,30.507759800413123,207.8923751850285,66.51923076923077,39708.48,7861.242692307694,31847.23730769231
P00058,2024-12-23,142,12,0,0,11.134615384615385,B,1572.49,41,89.27115716753022,223293.58,4.077464788732395,Healthy,4.657406918657133,11.134615384615385,5.857142857142857,18.59820526197833,83.8152382290113,7.635145327183854,30.0,1.65,18.59820526197833,83.8152382290113,47.71978021978022,223293.58,75038.8771978022,148254.70280219777
P00059,2024-12-23,390,11,0,0,31.512820512820515,C,1183.97,46,86.63140764849472,461748.3,4.201709401709402,Healthy,12.575699649355593,31.512820512820515,6.571428571428571,53.19196037660328,260.27620946085233,7.3319350751273165,21.0,1.28,41.264066231546785,248.34831531579587,94.53846153846155,461748.3,111930.70230769232,349817.59769230767
P00060,2024-12-23,544,27,0,0,39.26923076923077,C,546.59,52,96.97159647404507,297344.96,3.7536764705882346,Excess,14.081947333191852,39.26923076923077,7.428571428571429,63.32851608326817,355.0428017975539,8.590127065107856,21.0,1.28,49.12757611308077,340.8418618273665,117.80769230769229,297344.96,64392.50653846154,232952.45346153848
P00061,2024-12-23,188,1,0,0,6.621794871794871,C,192.94,82,198.7376573088093,36272.72,1.8315602836879432,Excess,5.2343073593212415,6.621794871794871,11.714285714285714,29.55977141105465,107.12936848065172,6.35999505495812,21.0,1.28,22.93121660978785,100.50081367938492,19.865384615384613,36272.72,3832.8273076923074,32439.892692307694
P00062,2024-12-23,9,4,0,0,1.9038461538461537,A,9803.25,24,33.09090909090909,88229.25,11.0,Healthy,1.7771991234990399,1.9038461538461537,3.4285714285714284,5.429710010450787,11.957182537923313,1.6575470849598466,45.0,2.33,7.667408681424447,14.194881208896973,12.239010989010989,88229.25,119982.08447802198,-31752.834478021978
P00063,2024-12-23,163,18,0,0,18.596153846153847,C,359.45,36,61.35677352637021,58590.35,5.932515337423314,Healthy,6.005136345747481,18.596153846153847,5.142857142857143,22.470309123263128,118.10767176062578,7.2540168052805685,21.0,1.28,17.431512531985945,113.06887516934859,55.78846153846154,58590.35,20053.1625,38537.1875
P00064,2024-12-23,88,6,0,0,12.333333333333334,B,1813.76,29,49.945945945945944,159610.88,7.287878787878788,Healthy,6.1374927457636215,12.333333333333334,4.142857142857143,20.612226920386636,71.70746501562473,4.269310654297286,30.0,1.65,20.612226920386636,71.70746501562473,52.85714285714286,159610.88,95870.17142857144,63740.708571428564
P00065,2024-12-23,115,7,0,0,8.724358974358974,C,1417.61,47,92.27038941954446,163025.15,3.944927536231884,Excess,6.196329525326672,8.724358974358974,6.714285714285714,26.49222036973783,85.07005919757665,4.340897002780672,21.0,1.28,20.551540650463288,79.12937947830213,26.173076923076923,163025.15,37103.215576923074,125921.93442307692
P00066,2024-12-23,81,3,0,0,8.474358974358974,C,1038.9,32,66.90771558245083,84150.90000000001,5.440329218106995,Healthy,5.994027907357205,8.474358974358974,4.571428571428571,21.146021722029825,59.88594846195656,3.8305077458430197,21.0,1.28,16.404186547998897,55.144113287925634,25.423076923076923,84150.90000000001,26412.03461538462,57738.86538461539
P00067,2024-12-23,88,6,0,0,14.666666666666666,C,788.2,27,42.0,69361.6,8.666666666666666,Healthy,6.655905292957314,14.666666666666666,3.857142857142857,21.568698517999838,78.1401270894284,4.07998655674847,21.0,1.28,16.732081274569577,73.30350984599815,44.0,69361.6,34680.8,34680.8
P00068,2024-12-23,86,22,0,0,17.128205128205128,C,1081.77,24,35.14670658682635,93032.22,10.356589147286822,Healthy,7.109029196204617,17.128205128205128,3.4285714285714284,21.71955099506326,80.44482572033797,3.959566200035505,21.0,1.28,16.849106226473317,75.57438095174804,51.38461538461539,93032.22,55586.335384615384,37445.88461538462
P00069,2024-12-23,107,12,0,0,8.083333333333334,A,2074.07,35,92.65979381443299,221925.49000000002,3.928348909657321,Excess,3.647285041238621,8.083333333333334,5.0,13.456702521120674,53.87336918778735,7.951427909776595,45.0,2.33,19.002495075279494,59.41916174194617,51.96428571428572,221925.49000000002,107777.56607142859,114147.92392857143
P00070,2024-12-23,120,12,0,0,16.346153846153847,C,747.93,26,51.38823529411764,89751.59999999999,7.083333333333334,Healthy,6.884909956685166,16.346153846153847,3.7142857142857144,21.893735294857528,82.60802100914324,5.4810199531455,21.0,1.28,16.98423101661675,77.69851673090247,49.03846153846154,89751.59999999999,36677.33653846154,53074.26346153845
P00071,2024-12-23,151,21,0,0,15.032051282051283,B,1389.28,33,70.31641791044775,209781.28,5.176600441501104,Healthy,5.18237692606441,15.032051282051283,4.714285714285714,18.566108800801267,89.4314934161859,8.133098950356427,30.0,1.65,18.566108800801267,89.4314934161859,64.42307692307692,209781.28,89501.6923076923,120279.5876923077
P00072,2024-12-23,253,6,0,0,12.935897435897436,B,5776.32,53,136.90584737363724,1461408.96,2.658761528326746,Excess,5.328777003281623,12.935897435897436,7.571428571428571,24.193594951745336,122.13681839496878,10.45731320643394,30.0,1.65,24.193594951745336,122.13681839496878,55.43956043956044,1461408.96,320236.64175824175,1141172.3182417583
P00073,2024-12-23,80,2,0,0,6.75,A,3427.65,33,82.96296296296296,274212.0,4.3875,Healthy,3.2954024669765056,6.75,4.714285714285714,11.805934152840178,43.62736272426875,6.7762532777428905,45.0,2.33,16.67141004613189,48.492838617560466,43.392857142857146,274212.0,148735.5267857143,125476.47321428571
P00074,2024-12-23,27,6,0,0,4.506410256410256,A,6860.32,22,41.940256045519206,185228.63999999998,8.679012345679011,Healthy,2.87704327363106,4.506410256410256,3.142857142857143,8.415746764343591,22.578750427347252,3.208271441150705,45.0,2.33,11.884054521770041,26.047058184773704,28.969780219780223,185228.63999999998,198741.96263736265,-13513.322637362668
P00075,2024-12-23,99,6,0,0,7.2756410256410255,B,1671.55,44,95.24933920704846,165483.44999999998,3.8215488215488214,Excess,3.109970890743799,7.2756410256410255,6.285714285714286,12.865230939991408,58.597831672592136,7.695159182277852,30.0,1.65,12.865230939991408,58.597831672592136,31.18131868131868,165483.44999999998,52121.13324175824,113362.31675824174
P00076,2024-12-23,199,7,0,0,11.134615384615385,B,1209.39,52,125.10535405872194,240668.61000000002,2.909547738693467,Excess,5.55568472416699,11.134615384615385,7.428571428571429,24.984702831453426,107.69898854573916,7.964873600556795,30.0,1.65,24.984702831453426,107.69898854573916,47.71978021978022,240668.61000000002,57711.825000000004,182956.785
P00077,2024-12-23,130,9,0,0,14.705128205128204,B,3610.51,32,61.88317349607672,469366.30000000005,5.8820512820512825,Healthy,5.415888154272246,14.705128205128204,4.571428571428571,19.106432323038568,86.32987554648179,6.803991336637232,30.0,1.65,19.106432323038568,86.32987554648179,63.021978021978015,469366.30000000005,227541.48186813184,241824.8181318682
P00078,2024-12-23,49,23,0,0,14.833333333333334,C,1652.36,18,23.123595505617978,80965.64,15.741496598639456,Healthy,7.076388119457856,14.833333333333334,2.5714285714285716,18.723318342900257,56.8661754857574,2.617057462924591,21.0,1.28,14.524756047825655,52.6676131906828,44.5,80965.64,73530.01999999999,7435.62000000001
P00079,2024-12-23,45,26,8,0,14.916666666666666,C,1332.7,19,21.117318435754193,59971.5,17.237037037037034,Healthy,6.751781923298838,14.916666666666666,2.7142857142857144,18.353974804631076,58.84207004272632,2.4517849936595533,21.0,1.28,14.238234999956227,54.72633023805147,44.75,59971.5,59638.325000000004,333.17499999999563
P00080,2024-12-23,409,20,0,0,25.878205128205128,B,2645.52,46,110.63363884072331,1082017.68,3.2901385493072532,Excess,9.284286377091377,25.878205128205128,6.571428571428571,39.27013262602753,209.3269091828041,10.4150399463872,30.0,1.65,39.27013262602753,209.3269091828041,110.9065934065934,1082017.68,293405.61098901095,788612.069010989
P00081,2024-12-23,62,7,0,0,10.820512820512821,B,3484.88,22,40.10900473933649,216062.56,9.075268817204302,Healthy,4.980590947561478,10.820512820512821,3.142857142857143,14.568912652661941,48.57623865998795,4.255636743670897,30.0,1.65,14.568912652661941,48.57623865998795,46.37362637362637,216062.56,161606.52307692307,54456.03692307693
P00082,2024-12-23,102,9,0,0,12.83974358974359,B,3141.79,28,55.608587119321015,320462.58,6.545751633986929,Healthy,5.620810175642282,12.83974358974359,4.0,18.54867357961953,69.90764793859388,5.499045501133469,30.0,1.65,18.54867357961953,69.90764793859388,55.027472527472526,320462.58,172884.7629120879,147577.81708791212
P00083,2024-12-23,181,25,0,0,20.057692307692307,C,633.81,36,63.16778523489934,114719.60999999999,5.762430939226519,Healthy,5.948423900350666,20.057692307692307,5.142857142857143,22.25809975684216,125.41194591068832,8.131871182954889,21.0,1.28,17.266889508338163,120.42073566218433,60.17307692307692,114719.60999999999,38138.29788461538,76581.31211538462
P00084,2024-12-23,331,20,0,0,19.294871794871796,B,698.37,56,120.08372093023256,231160.47,3.0312185297079557,Excess,6.640266171033136,19.294871794871796,8.0,30.989489773579667,185.34846413255403,10.681040650181878,30.0,1.65,30.989489773579667,185.34846413255403,82.6923076923077,231160.47,57749.82692307692,173410.6430769231
P00085,2024-12-23,196,11,0,0,10.583333333333334,A,5707.21,46,129.63779527559055,1118613.16,2.807823129251701,Excess,4.539373742984225,10.583333333333334,6.571428571428571,19.200378110476187,88.74799715809525,10.20813230199137,45.0,2.33,27.113261210551226,96.66088025817028,68.03571428571429,1118613.16,388294.10892857146,730319.0510714285
P00086,2024-12-23,350,17,0,0,29.705128205128204,B,1304.63,34,82.47734138972811,456620.50000000006,4.413333333333332,Healthy,10.533031269553549,29.705128205128204,4.857142857142857,38.30255600050171,182.58460728255298,9.137771379941732,30.0,1.65,38.30255600050171,182.58460728255298,127.3076923076923,456620.50000000006,166089.43461538464,290531.06538461545
P00087,2024-12-23,47,6,0,0,7.141025641025641,B,5571.11,23,46.07181328545781,261842.16999999998,7.9007092198581566,Healthy,5.296923900929817,7.141025641025641,3.2857142857142856,15.84245841580482,39.305828379174784,2.966711274628416,30.0,1.65,15.84245841580482,39.305828379174784,30.604395604395606,261842.16999999998,170500.4543956044,91341.71560439558
P00088,2024-12-23,148,16,0,0,14.16025641025641,B,1770.73,34,73.16251697600724,262068.04,4.975225225225225,Healthy,6.010202932403226,14.16025641025641,4.857142857142857,21.855639511693166,90.63402779008145,6.771707591572294,30.0,1.65,21.855639511693166,90.63402779008145,60.68681318681319,262068.04,107459.96071428573,154608.07928571428
P00089,2024-12-23,153,27,0,0,15.865384615384615,C,1257.21,48,67.50545454545455,192353.13,5.3921568627450975,Healthy,11.485804162986215,15.865384615384615,6.857142857142857,49.62687745179048,158.41808624299927,3.08300678697003,21.0,1.28,38.49842614441928,147.28963493562807,47.59615384615385,192353.13,59838.36057692308,132514.76942307694
P00090,2024-12-23,107,15,0,0,8.467948717948717,C,283.75,39,88.45117335352006,30361.25,4.115264797507788,Healthy,5.896330047000392,8.467948717948717,5.571428571428571,22.964077976355753,70.14264940492717,4.659451170221997,21.0,1.28,17.814557460445677,64.9931288890171,25.403846153846153,30361.25,7208.341346153846,23152.908653846156
P00091,2024-12-23,211,20,0,0,15.403846153846153,C,1711.8,42,95.88514357053683,361189.8,3.7962085308056874,Excess,6.358919411299729,15.403846153846153,6.0,25.70057799071982,118.12365491379674,8.209932090873195,21.0,1.28,19.93741807764932,112.36049500072625,46.21153846153846,361189.8,79104.91153846153,282084.8884615385
P00092,2024-12-23,146,5,0,0,11.333333333333334,C,260.6,49,90.17647058823529,38047.600000000006,4.036529680365297,Excess,7.920844964158594,11.333333333333334,7.0,34.578366815292235,113.91170014862558,4.222293111178163,21.0,1.28,26.82443001428731,106.15776334762066,34.0,38047.600000000006,8860.400000000001,29187.200000000004
P00093,2024-12-23,68,14,0,0,8.66025641025641,C,509.04,42,54.96373056994818,34614.72,6.622549019607844,Healthy,3.85461063658005,8.66025641025641,6.0,15.579018207597517,67.54055666913598,4.364845017437492,21.0,1.28,12.085541397408985,64.04707985894746,25.980769230769234,34614.72,13225.250769230772,21389.46923076923
P00094,2024-12-23,86,13,0,0,13.237179487179487,B,1920.47,29,45.47796610169491,165160.42,8.003875968992249,Healthy,5.8133463568198565,13.237179487179487,4.142857142857143,19.523609923006955,74.36335351275055,4.404923082316664,30.0,1.65,19.523609923006955,74.36335351275055,56.730769230769226,165160.42,108949.74038461538,56210.67961538464
P00095,2024-12-23,177,6,0,0,11.198717948717949,C,544.85,56,110.63766456783056,96438.45,3.290018832391714,Excess,4.398562627091943,11.198717948717949,8.0,20.527672843196825,110.11741643294042,8.622506864369695,21.0,1.28,15.924497720782995,105.51424131052659,33.59615384615385,96438.45,18304.864423076924,78133.58557692307
P00096,2024-12-23,105,0,0,0,4.833333333333333,C,484.29,72,152.0689655172414,50850.450000000004,2.3936507936507936,Excess,3.7136771331743925,4.833333333333333,10.285714285714286,19.651934860944408,69.36622057523013,5.342985346886807,21.0,1.28,15.245137346672026,64.95942306095775,14.5,50850.450000000004,7022.205,43828.245
P00097,2024-12-23,153,6,0,0,9.621794871794872,B,701.96,43,111.3097934710193,107399.88,3.2701525054466236,Excess,4.040668978017009,9.621794871794872,6.142857142857143,16.524275433910535,75.6295867892219,9.25910492184237,30.0,1.65,16.524275433910535,75.6295867892219,41.23626373626374,107399.88,28946.207692307693,78453.67230769231
P00098,2024-12-23,79,6,0,1,6.955128205128205,C,1048.02,43,79.50967741935483,82793.58,4.5780590717299585,Healthy,5.8512121145335225,6.955128205128205,6.142857142857143,23.928473509907747,66.65283248426672,3.3015060474831173,21.0,1.28,18.562694601625402,61.28705357598438,20.865384615384617,82793.58,21867.340384615385,60926.23961538462
P00099,2024-12-23,49,2,0,0,3.7884615384615383,B,1205.13,51,90.53807106598985,59051.37,4.020408163265306,Excess,3.1500324942197344,3.7884615384615383,7.285714285714286,14.029269112751411,41.63091746439976,3.4926979877706654,30.0,1.65,14.029269112751411,41.63091746439976,16.236263736263734,59051.37,19566.808516483514,39484.56148351649
P00100,2024-12-23,284,27,0,0,21.923076923076923,C,486.84,43,90.68070175438596,138262.56,4.014084507042254,Excess,7.288115346931173,21.923076923076923,6.142857142857143,29.804674929324086,164.47500459965377,9.528706509077855,21.0,1.28,23.12120236941505,157.79153203974474,65.76923076923077,138262.56,32019.09230769231,106243.46769230769
P00101,2024-12-23,717,39,0,0,41.07051282051282,C,1068.38,62,122.20446386764476,766028.4600000001,2.9786145978614598,Excess,15.773032183174145,41.07051282051282,8.857142857142858,77.4543758119422,441.22177507934146,9.257062528537611,21.0,1.28,60.085818811688505,423.85321807908775,123.21153846153845,766028.4600000001,131636.74346153846,634391.7165384616
P00102,2024-12-23,35,13,0,0,6.42948717948718,C,1071.25,30,38.10568295114656,37493.75,9.552380952380952,Healthy,5.188215156439832,6.42948717948718,4.285714285714286,17.722032539889806,45.27697759483486,1.9749427680611642,21.0,1.28,13.74800100064179,41.302946055586844,19.28846153846154,37493.75,20662.764423076926,16830.985576923074
P00103,2024-12-23,231,22,0,0,20.58974358974359,C,1290.9,42,78.53424657534246,298197.9,4.634920634920635,Healthy,7.000342659697769,20.58974358974359,6.0,28.29299144248037,151.83145298094192,8.164566142453435,21.0,1.28,21.94850245234841,145.48696399080995,61.769230769230774,298197.9,79737.90000000001,218460.0
P00104,2024-12-23,85,12,0,0,11.955128205128204,C,481.56,29,49.76943699731903,40932.6,7.313725490196079,Healthy,4.571077304683537,11.955128205128204,4.142857142857143,15.351559110159666,64.87994738854795,5.5368968969247545,21.0,1.28,11.909088279396592,61.43747655778487,35.86538461538461,40932.6,17271.334615384614,23661.265384615384
P00105,2024-12-23,41,0,0,0,6.980769230769231,C,344.57,22,41.112947658402206,14127.369999999999,8.853658536585366,Healthy,5.379136702346484,6.980769230769231,3.142857142857143,15.73471372941867,37.67427416897911,2.6057035866717846,21.0,1.28,12.206323377973272,34.14588381753371,20.942307692307693,14127.369999999999,7216.090961538462,6911.279038461537
P00106,2024-12-23,102,9,0,0,8.365384615384615,C,177.67,49,85.35172413793104,18122.34,4.264705882352941,Healthy,5.58232988526214,8.365384615384615,7.0,24.36960341100013,82.92729571869243,4.185542057445157,21.0,1.28,18.90490446429101,77.46259677198331,25.096153846153847,18122.34,4458.8336538461535,13663.506346153847
P00107,2024-12-23,68,7,0,3,7.653846153846154,B,1175.42,36,62.19095477386935,79928.56,5.852941176470588,Healthy,3.220206056628426,7.653846153846154,5.142857142857143,12.049522503229378,51.41215986586674,5.643377153059419,30.0,1.65,12.049522503229378,51.41215986586674,32.8021978021978,79928.56,38556.35934065934,41372.200659340655
P00108,2024-12-23,358,24,0,0,41.717948717948715,C,601.72,36,60.0700676090965,215415.76,6.059590316573557,Healthy,13.115268064750198,41.717948717948715,5.142857142857143,49.07534328643375,263.6247938358843,7.294905670052939,21.0,1.28,38.07056933735468,252.6200198868052,125.15384615384615,215415.76,75307.5723076923,140108.1876923077
P00109,2024-12-23,108,5,0,0,8.865384615384615,B,800.02,50,85.27548806941432,86402.16,4.268518518518518,Healthy,3.4902380701895526,8.865384615384615,7.142857142857143,15.391288459946573,78.71546428412239,7.016956395889347,30.0,1.65,15.391288459946573,78.71546428412239,37.99450549450549,86402.16,30396.36428571428,56005.79571428572
P00110,2024-12-23,93,10,0,0,6.038461538461538,A,12558.79,39,107.80891719745223,1167967.47,3.376344086021505,Excess,3.017977565458023,6.038461538461538,5.571428571428571,11.753933648834252,45.39679079169139,7.912244766604045,45.0,2.33,16.597979031384128,50.24083617424127,38.81868131868132,1167967.47,487515.66675824183,680451.8032417581
P00111,2024-12-23,183,19,0,0,8.685897435897436,A,7951.34,52,147.48044280442804,1455095.22,2.4681238615664847,Excess,3.9526299732635963,8.685897435897436,7.428571428571429,17.775538063761143,82.29934758757068,10.295047010311363,45.0,2.33,25.101214356705132,89.62502388051466,55.837912087912095,1455095.22,443986.22390109894,1011108.996098901
P00112,2024-12-23,139,16,0,0,12.397435897435898,C,226.73,51,78.48397104446742,31515.469999999998,4.637889688249401,Healthy,5.156492290094093,12.397435897435898,7.285714285714286,22.965419610211658,113.28959543438748,6.052578283315718,21.0,1.28,17.81559824307329,108.1397740672491,37.19230769230769,31515.469999999998,8432.611923076924,23082.858076923076
P00113,2024-12-23,61,2,0,0,2.8141025641025643,A,4031.3,51,151.73576309794987,245909.30000000002,2.398907103825137,Excess,1.5231736273616865,2.8141025641025643,7.285714285714286,6.783743584523231,27.286490837270485,8.992085157694996,45.0,2.33,9.579468213296442,30.0822154660437,18.090659340659343,245909.30000000002,72928.87500000001,172980.425
P00114,2024-12-23,78,5,0,0,5.871794871794871,B,3989.96,36,92.98689956331879,311216.88,3.9145299145299144,Excess,4.716091805609945,5.871794871794871,5.142857142857143,17.646900024307925,47.84470222211012,4.420039774269589,30.0,1.65,17.646900024307925,47.84470222211012,25.16483516483516,311216.88,100406.6857142857,210810.1942857143
P00115,2024-12-23,340,43,0,0,31.237179487179485,B,2958.23,43,76.1912579519803,1005798.2,4.777450980392157,Healthy,11.224461869125285,31.237179487179485,6.142857142857143,45.90232472195146,237.78785585748258,7.407032259466476,30.0,1.65,45.90232472195146,237.78785585748258,133.87362637362637,1005798.2,396028.97774725273,609769.2222527473
P00116,2024-12-23,570,16,0,0,28.025641025641026,B,2923.87,54,142.36962488563586,1666605.9,2.5567251461988305,Excess,11.042994403371159,28.025641025641026,7.714285714285714,50.60793959256822,266.8057417903704,11.263054860342596,30.0,1.65,50.60793959256822,266.8057417903704,120.1098901098901,1666605.9,351185.7043956044,1315420.1956043956
P00117,2024-12-23,104,10,0,0,7.6923076923076925,B,1256.23,50,94.64,130647.92,3.8461538461538463,Excess,3.3497527778116067,7.6923076923076925,7.142857142857143,14.771774943709136,69.71682988876408,7.040453865314983,30.0,1.65,14.771774943709136,69.71682988876408,32.967032967032964,130647.92,41414.17582417582,89233.74417582418
P00118,2024-12-23,95,9,0,0,8.634615384615385,C,352.76,39,77.01559020044543,33512.2,4.726315789473684,Healthy,3.8822782444391684,8.634615384615385,5.571428571428571,15.120072930205948,63.227215787348804,6.2830384772956265,21.0,1.28,11.729511121614312,59.83665397875717,25.903846153846153,33512.2,9137.840769230768,24374.35923076923
P00119,2024-12-23,56,5,0,0,4.006410256410256,A,6480.24,33,97.84320000000001,362893.44,3.720238095238095,Excess,2.586557794473611,4.006410256410256,4.714285714285714,9.266464812745035,28.153827450107674,6.0432971075418065,45.0,2.33,13.08537152345208,31.972734160814717,25.755494505494507,362893.44,166901.7857142857,195991.6542857143
P00120,2024-12-23,235,16,0,0,18.487179487179485,C,1334.93,46,88.98058252427185,313708.55,4.090780141843971,Healthy,6.582956664371706,18.487179487179485,6.571428571428571,27.844205874469917,149.33138536164938,8.439816924908936,21.0,1.28,21.600353648073632,143.0875331352531,55.46153846153845,313708.55,74037.27153846153,239671.27846153846
P00121,2024-12-23,120,22,0,0,25.262820512820515,C,296.35,26,33.25044404973357,35562.0,10.947222222222223,Healthy,9.13914810704013,25.262820512820515,3.7142857142857144,29.062121470702717,122.89545480403606,4.129086038022757,21.0,1.28,22.545160898484532,116.37849423181788,75.78846153846155,35562.0,22459.91057692308,13102.089423076919
P00122,2024-12-23,98,12,0,0,15.76923076923077,B,4852.65,24,43.50243902439024,475559.69999999995,8.367346938775512,Healthy,5.5239608905744015,15.76923076923077,3.4285714285714284,16.876840275409172,70.94277434134324,5.8067741591886355,30.0,1.65,16.876840275409172,70.94277434134324,67.58241758241759,475559.69999999995,327953.8186813187,147605.88131868123
P00123,2024-12-23,320,21,0,0,27.21153846153846,B,3000.73,47,82.31802120141343,960233.6,4.421875,Healthy,9.835426169742044,27.21153846153846,6.714285714285714,42.0510685324399,224.75711248848384,7.6097947369194445,30.0,1.65,42.0510685324399,224.75711248848384,116.62087912087911,960233.6,349947.7706043956,610285.8293956043
P00124,2024-12-23,44,8,0,0,13.121794871794872,C,1018.72,16,23.4723986321446,44823.68,15.507575757575758,Healthy,6.356447525524595,13.121794871794872,2.2857142857142856,15.856574838691683,45.84924883136568,2.7748741734965012,21.0,1.28,12.300858056682033,42.293532049356024,39.36538461538461,44823.68,40102.304615384615,4721.375384615385
P00125,2024-12-23,132,4,0,0,6.378205128205129,A,1490.01,47,144.86834170854272,196681.32,2.5126262626262625,Excess,3.1893834953218785,6.378205128205129,6.714285714285714,13.636113130574245,56.46120470566582,9.68017782897649,45.0,2.33,19.25584460256848,62.08093617766006,41.002747252747255,196681.32,61094.50343406594,135586.81656593407
P00126,2024-12-23,143,2,0,0,8.448717948717949,B,2493.86,52,118.47951441578148,356621.98000000004,3.0722610722610724,Excess,4.407171387189617,8.448717948717949,7.428571428571429,19.81967532412973,82.58158008603449,7.21505260108387,30.0,1.65,19.81967532412973,82.58158008603449,36.20879120879121,356621.98000000004,90299.65604395606,266322.323956044
P00127,2024-12-23,589,25,0,0,19.576923076923077,C,399.15,85,210.60510805500982,235099.34999999998,1.7283531409168083,Excess,8.074682425824292,19.576923076923077,12.142857142857142,46.426916215416554,284.14669643519676,12.686606133112418,21.0,1.28,36.01603197317163,273.7358121929518,58.730769230769226,235099.34999999998,23442.386538461535,211656.96346153843
P00128,2024-12-23,202,16,0,0,17.46153846153846,C,1102.45,45,80.97797356828194,222694.90000000002,4.495049504950495,Healthy,6.612192662907999,17.46153846153846,6.428571428571429,27.662197672599806,139.91494492534704,7.30238437273864,21.0,1.28,21.459159406622884,133.71190665937013,52.38461538461538,222694.90000000002,57751.41923076923,164943.4807692308
P00129,2024-12-23,151,5,0,0,4.955128205128205,C,346.14,86,213.31435963777488,52267.14,1.706401766004415,Excess,3.764593879853655,4.955128205128205,12.285714285714286,21.772198325026558,82.64948770231594,6.935450327330041,21.0,1.28,16.889947791535757,77.76723716882513,14.865384615384617,52267.14,5145.504230769231,47121.635769230765
P00130,2024-12-23,48,2,0,0,7.685897435897436,B,1056.28,24,43.716430358632195,50701.44,8.326388888888888,Healthy,5.44509780969586,7.685897435897436,3.4285714285714284,16.63589729156494,42.987545643213295,2.8853267821230117,30.0,1.65,16.63589729156494,42.987545643213295,32.93956043956044,50701.44,34793.398901098895,15908.041098901107
P00131,2024-12-23,25,5,0,0,3.4615384615384617,C,397.49,38,50.55555555555556,9937.25,7.2,Healthy,2.693803200380854,3.4615384615384617,5.428571428571429,10.356013002949705,29.147221794158497,2.4140564513465987,21.0,1.28,8.033755541682195,26.824964332890985,10.384615384615385,9937.25,4127.78076923077,5809.46923076923
P00132,2024-12-23,129,13,0,0,17.596153846153847,C,949.75,31,51.31803278688524,122517.75,7.093023255813954,Healthy,6.2390847614092895,17.596153846153847,4.428571428571429,21.66390072863656,99.58972490446075,5.954606311017691,21.0,1.28,16.805935110699874,94.73175928652407,52.78846153846154,122517.75,50135.84134615385,72381.90865384616
P00133,2024-12-23,90,11,0,0,10.455128205128204,B,3109.7,31,60.257510729613735,279873.0,6.04074074074074,Healthy,4.827799804382875,10.455128205128204,4.428571428571429,16.763512550237728,63.06479460151978,5.368803210561243,30.0,1.65,16.763512550237728,63.06479460151978,44.80769230769231,279873.0,139338.48076923075,140534.51923076925
P00134,2024-12-23,71,11,0,0,13.301282051282051,C,368.12,30,37.36481927710844,26136.52,9.741784037558684,Healthy,5.097019839961985,13.301282051282051,4.285714285714286,17.410525341870095,74.4160198473646,4.077992972977906,21.0,1.28,13.506346931874985,70.51184143736948,39.90384615384615,26136.52,14689.403846153846,11447.116153846155
P00135,2024-12-23,60,2,0,0,4.217948717948718,A,10313.86,37,99.57446808510637,618831.6000000001,3.655555555555556,Excess,2.6452510626498116,4.217948717948718,5.285714285714286,10.034660501429213,32.32953229630101,5.9792755311905506,45.0,2.33,14.170156950503072,36.465028745374866,27.115384615384617,618831.6000000001,279664.2807692308,339167.3192307693
P00136,2024-12-23,86,13,0,0,13.166666666666666,B,3098.46,28,45.721518987341774,266467.56,7.961240310077519,Healthy,5.304694613852577,13.166666666666666,4.0,17.505492225713503,70.17215889238017,4.9127438915242925,30.0,1.65,17.505492225713503,70.17215889238017,56.42857142857142,266467.56,174841.67142857143,91625.88857142857
P00137,2024-12-23,278,17,0,0,21.237179487179485,C,794.11,48,91.6317536975551,220762.58000000002,3.972422062350119,Excess,7.3590954734214025,21.237179487179485,6.857142857142857,31.79654850745414,177.42292213382774,8.74308731763222,21.0,1.28,24.66641338760079,170.2927870139744,63.71153846153845,220762.58000000002,50593.9698076923,170168.6101923077
P00138,2024-12-23,154,5,0,0,12.474358974358974,B,2379.41,33,86.41726618705036,366429.13999999996,4.212121212121212,Healthy,5.986488785050204,12.474358974358974,4.714285714285714,21.446877312033884,80.2545696197262,7.180532520395886,30.0,1.65,21.446877312033884,80.2545696197262,53.46153846153846,366429.13999999996,127206.91923076921,239222.22076923074
P00139,2024-12-23,122,6,0,0,10.935897435897436,B,1599.14,34,78.09144196951934,195095.08000000002,4.66120218579235,Healthy,5.476848030637975,10.935897435897436,4.857142857142857,19.91613553888558,73.0333516561017,6.125686369315932,30.0,1.65,19.91613553888558,73.0333516561017,46.86813186813187,195095.08000000002,74948.7043956044,120146.37560439561
P00140,2024-12-23,93,25,0,0,17.69871794871795,C,246.31,30,36.78232524447664,22906.83,9.89605734767025,Healthy,7.157599049415376,17.69871794871795,4.285714285714286,24.449102328336462,100.30075067998482,3.8038206373005843,21.0,1.28,18.966576351679198,94.81822470332754,53.09615384615385,22906.83,13078.113653846154,9828.716346153848
P00141,2024-12-23,159,15,0,0,15.5,C,513.64,39,71.80645161290323,81668.76,5.069182389937106,Healthy,6.965815145778796,15.5,5.571428571428571,27.129336536702453,113.4864793938453,5.860814170110417,21.0,1.28,21.04578834362372,107.40293120076657,46.5,81668.76,23884.26,57784.5
P00142,2024-12-23,60,9,0,0,7.846153846153846,C,561.55,32,53.529411764705884,33693.0,6.8,Healthy,6.135201283501779,7.846153846153846,4.571428571428571,21.64405999023029,57.51219185836215,2.7721231611390302,21.0,1.28,16.79054350757259,52.65867537570445,23.538461538461537,33693.0,13218.023076923075,20474.976923076923
P00143,2024-12-23,146,37,0,0,25.602564102564102,C,262.16,29,39.91787681522283,38275.36,9.118721461187215,Healthy,7.483038443754185,25.602564102564102,4.142857142857143,25.13112322016235,131.19888878792793,5.809529431731337,21.0,1.28,19.495659225338066,125.56342479310365,76.8076923076923,38275.36,20135.904615384618,18139.455384615383
P00144,2024-12-23,168,12,0,0,17.576923076923077,C,1196.12,37,66.90590809628009,200948.15999999997,5.440476190476191,Healthy,6.039694995010455,17.576923076923077,5.285714285714286,22.91135600051526,115.81794940710866,7.332608336068009,21.0,1.28,17.773657988278508,110.6802513948719,52.730769230769226,200948.15999999997,63072.327692307685,137875.8323076923
P00145,2024-12-23,85,7,0,0,4.141025641025641,A,3608.96,48,143.68421052631578,306761.6,2.5333333333333337,Excess,2.23880359163526,4.141025641025641,6.857142857142857,9.673230529104291,38.06883492470869,8.787136804427085,45.0,2.33,13.659774019886667,42.05537841549106,26.620879120879124,306761.6,96073.68791208793,210687.91208791203
P00146,2024-12-23,49,13,0,0,12.256410256410257,B,4265.18,13,27.985355648535563,208993.82,13.006802721088437,Healthy,5.848486757545446,12.256410256410257,1.8571428571428572,13.150737569334714,35.912642331239475,3.7260267526180186,30.0,1.65,13.150737569334714,35.912642331239475,52.52747252747253,208993.82,224039.12527472532,-15045.30527472531
P00147,2024-12-23,203,11,0,0,11.25,B,434.55,60,126.3111111111111,88213.65000000001,2.8817733990147785,Excess,4.2191957649800775,11.25,8.571428571428571,20.38169160139959,116.81026302997103,9.95991912595028,30.0,1.65,20.38169160139959,116.81026302997103,48.214285714285715,88213.65000000001,20951.51785714286,67262.13214285715
P00148,2024-12-23,53,7,0,0,5.782051282051282,A,12062.12,27,64.1640798226164,639292.36,5.672955974842767,Healthy,3.048627130037117,5.782051282051282,3.857142857142857,9.879184959428684,32.18138276162649,5.364815034606357,45.0,2.33,13.950606639678083,36.25280444187589,37.17032967032967,639292.36,448352.97692307696,190939.38307692303
P00149,2024-12-23,103,16,0,0,20.80128205128205,C,2043.71,26,34.661325115562406,210502.13,10.501618122977346,Healthy,6.847104282499113,20.80128205128205,3.7142857142857144,21.7735147794869,99.03541954139166,4.730517835229689,21.0,1.28,16.890969041056504,94.15287380296127,62.40384615384615,210502.13,127535.36442307693,82966.76557692308
P00150,2024-12-23,104,21,0,0,13.294871794871796,B,2083.89,31,54.7579556412729,216724.56,6.647435897435898,Healthy,5.278340341210574,13.294871794871796,4.428571428571429,18.327919163918224,77.20520854120761,5.674403027963073,30.0,1.65,18.327919163918224,77.20520854120761,56.97802197802198,216724.56,118735.93021978022,97988.62978021978
P00151,2024-12-23,172,16,0,0,11.25,B,969.59,45,107.02222222222223,166769.48,3.4011627906976742,Excess,5.024616820569345,11.25,6.428571428571429,21.020552607209034,93.34198117863761,8.182468045155593,30.0,1.65,21.020552607209034,93.34198117863761,48.214285714285715,166769.48,46748.08928571429,120021.39071428572
P00152,2024-12-23,61,2,0,0,4.0,B,2142.57,52,106.75,130696.77,3.4098360655737703,Excess,3.574100383087623,4.0,7.428571428571429,16.073236764639717,45.78752247892543,3.7951285664003174,30.0,1.65,16.073236764639717,45.78752247892543,17.142857142857142,130696.77,36729.77142857143,93966.99857142857
P00153,2024-12-23,334,9,0,0,13.032051282051283,B,2261.29,70,179.40383669454008,755270.86,2.0289421157684635,Excess,5.058904473774192,13.032051282051283,10.0,26.3961399938643,156.7166528143771,12.653365229826681,30.0,1.65,26.3961399938643,156.7166528143771,55.85164835164835,755270.86,126296.7739010989,628974.0860989011
P00154,2024-12-23,225,26,0,0,23.006410256410255,C,231.5,32,68.45918083031485,52087.5,5.3170370370370375,Healthy,8.02214418676107,23.006410256410255,4.571428571428571,28.30090847963675,133.4730696517979,7.950274817569671,21.0,1.28,21.954644153900023,127.12680532606119,69.01923076923077,52087.5,15977.951923076924,36109.54807692308
P00155,2024-12-23,129,3,0,0,6.4423076923076925,A,3795.73,50,140.16716417910447,489649.17,2.5968992248062013,Excess,3.052741516936993,6.4423076923076925,7.142857142857143,13.462011569394283,59.4784950858778,9.582520363693632,45.0,2.33,19.00999209496284,65.02647561144636,41.41483516483517,489649.17,157199.5322802198,332449.6377197802
P00156,2024-12-23,350,28,0,0,28.05128205128205,B,3884.32,45,87.34003656307131,1359512.0,4.167619047619048,Healthy,10.153527829183231,28.05128205128205,6.428571428571429,42.4774213644261,222.80709169409644,8.239671542141144,30.0,1.65,42.4774213644261,222.80709169409644,120.21978021978022,1359512.0,466972.0967032967,892539.9032967032
P00157,2024-12-23,62,9,0,0,11.935897435897436,B,2503.54,24,36.3609022556391,155219.48,10.010752688172042,Healthy,5.490965585430351,11.935897435897436,3.4285714285714284,16.776032810297554,57.69910973337447,3.695748613578225,30.0,1.65,16.776032810297554,57.69910973337447,51.15384615384615,155219.48,128065.7,27153.780000000013
P00158,2024-12-23,273,13,0,0,13.923076923076923,B,1883.28,54,137.25414364640886,514135.44,2.6520146520146515,Excess,6.639605955601399,13.923076923076923,7.714285714285714,30.428049208913304,137.8346426155067,8.971984964452798,30.0,1.65,30.428049208913304,137.8346426155067,59.67032967032967,514135.44,112375.93846153846,401759.50153846154
P00159,2024-12-23,178,17,0,0,16.57051282051282,C,374.56,38,75.19381044487427,66671.68000000001,4.840823970037453,Healthy,6.687602569113629,16.57051282051282,5.428571428571429,25.709710031716103,115.66392248592857,6.923454203894755,21.0,1.28,19.944502327634314,109.89871478184678,49.71153846153847,66671.68000000001,18619.953846153847,48051.72615384616
P00160,2024-12-23,67,5,0,0,9.474358974358974,B,2045.9,31,49.50202976995941,137075.30000000002,7.353233830845771,Healthy,4.048812996818853,9.474358974358974,4.428571428571429,14.058645808826038,56.016521266701496,4.765750621438753,30.0,1.65,14.058645808826038,56.016521266701496,40.604395604395606,137075.30000000002,83072.53296703297,54002.76703296705
P00161,2024-12-23,31,1,0,0,2.2435897435897436,A,4072.98,39,96.72,126262.38,3.763440860215054,Excess,1.7865872851271498,2.2435897435897436,5.571428571428571,6.95811282614636,19.458112826146362,4.455231005095509,45.0,2.33,9.825698718133953,22.325698718133953,14.423076923076923,126262.38,58744.903846153844,67517.47615384616
P00162,2024-12-23,130,7,0,0,12.301282051282051,B,2948.08,37,73.97602918186556,383250.39999999997,4.920512820512821,Healthy,6.21695898256548,12.301282051282051,5.285714285714286,23.583800275979378,88.60486254704165,5.512258350169623,30.0,1.65,23.583800275979378,88.60486254704165,52.71978021978022,383250.39999999997,155422.12967032965,227828.2703296703
P00163,2024-12-23,265,25,0,0,20.846153846153847,C,294.92,44,88.98523985239852,78153.8,4.090566037735849,Healthy,8.230669510770884,20.846153846153847,6.285714285714286,34.04837786809264,165.08134490105968,7.7830433222587185,21.0,1.28,26.413287073429448,157.44625410639648,62.53846153846154,78153.8,18443.84307692308,59709.95692307693
P00164,2024-12-23,369,14,0,0,10.955128205128204,C,1442.53,95,235.77998829724987,532293.57,1.5438121047877145,Excess,4.534232443801833,10.955128205128204,13.571428571428571,27.561351317557715,176.23809124429764,13.388313067397817,21.0,1.28,21.380927082711437,170.05766700945134,32.86538461538461,532293.57,47409.30326923077,484884.2667307692
P00165,2024-12-23,36,5,0,0,11.788461538461538,C,1437.31,16,21.376835236541602,51743.159999999996,17.027777777777775,Healthy,5.190574106334469,11.788461538461538,2.2857142857142856,12.948227204325917,39.89328214938086,2.7803033907199772,21.0,1.28,10.044685346386165,36.98974029144111,35.36538461538461,51743.159999999996,50831.02096153846,912.139038461537
P00166,2024-12-23,22,11,0,0,4.25,C,370.19,30,36.23529411764706,8144.18,10.045454545454545,Healthy,3.248076353782343,4.25,4.285714285714286,11.09485884800446,29.309144562290175,1.9829003957050753,21.0,1.28,8.606920803300431,26.82120651758615,12.75,8144.18,4719.9225,3424.2575000000006
P00167,2024-12-23,150,3,0,2,8.974358974358974,C,364.28,56,117.0,54641.99999999999,3.1111111111111107,Excess,6.729759347611001,8.974358974358974,8.0,31.407145904965343,103.20201769983714,4.77598316172644,21.0,1.28,24.364331368700395,96.15920316357219,26.923076923076923,54641.99999999999,9807.538461538461,44834.46153846153
P00168,2024-12-23,39,6,0,0,2.9294871794871793,A,3707.61,40,93.19037199124728,144596.79,3.9059829059829054,Excess,1.8875216024815653,2.9294871794871793,5.714285714285714,7.444865406074801,24.18479214600154,5.238509747694981,45.0,2.33,10.513052361305629,27.25297910123237,18.83241758241758,144596.79,69823.25975274725,74773.53024725275
P00169,2024-12-23,136,14,0,0,11.596153846153847,B,814.51,42,82.09618573797678,110773.36,4.4338235294117645,Healthy,5.653179346577092,11.596153846153847,6.0,22.848217958864588,92.42514103578768,5.952324170088508,30.0,1.65,22.848217958864588,92.42514103578768,49.6978021978022,110773.36,40479.356868131865,70294.00313186814
P00170,2024-12-23,155,17,0,0,19.141025641025642,C,508.42,35,56.684527796383115,78805.1,6.421505376344086,Healthy,8.208138147259682,19.141025641025642,5.0,30.284025528870014,125.98915373399822,5.1182099239824375,21.0,1.28,23.49306222845674,119.19819043358494,57.42307692307693,78805.1,29195.04076923077,49610.059230769235
P00171,2024-12-23,132,5,0,0,7.108974358974359,B,977.38,56,129.9765554553652,129014.16,2.8005050505050506,Excess,5.622046141063014,7.108974358974359,8.0,26.2375538732295,83.10934874502436,5.030956797183796,30.0,1.65,26.2375538732295,83.10934874502436,30.467032967032964,129014.16,29777.86868131868,99236.29131868132
P00172,2024-12-23,58,2,0,0,3.878205128205128,C,522.73,53,104.68760330578512,30318.34,3.477011494252874,Excess,3.3260321196399723,3.878205128205128,7.571428571428571,15.100777129444415,44.46433024299753,3.8408619306689897,21.0,1.28,11.714542257993244,41.078095371546354,11.634615384615385,30318.34,6081.762500000001,24236.5775
P00173,2024-12-23,127,16,0,0,16.365384615384617,B,971.55,31,54.3219741480611,123386.84999999999,6.700787401574803,Healthy,6.359231581152675,16.365384615384617,4.428571428571429,22.081085119507723,94.55635984478245,5.751528935858355,30.0,1.65,22.081085119507723,94.55635984478245,70.13736263736264,123386.84999999999,68141.95467032967,55244.895329670326
P00174,2024-12-23,27,6,1,0,5.0256410256410255,C,476.71,35,37.607142857142854,12871.17,9.679012345679013,Healthy,4.298459916173607,5.0256410256410255,5.0,15.859220142351683,40.98742527055681,1.7024796779191633,21.0,1.28,12.302910171036459,37.43111529924158,15.076923076923077,12871.17,7187.32,5683.85
P00175,2024-12-23,587,22,0,0,33.25,C,906.57,60,123.57894736842104,532156.5900000001,2.945485519591142,Excess,12.668286540450831,33.25,8.571428571428571,61.19675970684649,346.1967597068465,9.592011126274196,21.0,1.28,47.473849954402134,332.4738499544021,99.75,532156.5900000001,90430.3575,441726.2325000001
P00176,2024-12-23,226,25,0,3,21.897435897435898,C,600.69,44,72.24590163934427,135755.94,5.03834808259587,Healthy,7.966202387570585,21.897435897435898,6.285714285714286,32.954338491025275,170.59536413205092,6.857974104427811,21.0,1.28,25.564577738492336,163.20560337951798,65.6923076923077,135755.94,39460.71230769231,96295.2276923077
P00177,2024-12-23,61,6,0,0,9.621794871794872,C,327.7,35,44.37841439040639,19989.7,8.202185792349727,Healthy,6.298328450770092,9.621794871794872,5.0,23.237759424895724,71.34673378387009,2.6250379343650394,21.0,1.28,18.02686791749487,66.13584227646923,28.865384615384617,19989.7,9459.18653846154,10530.513461538461
P00178,2024-12-23,321,40,0,0,18.33974358974359,C,839.09,58,122.52079692415239,269347.89,2.970924195223261,Excess,6.80274782704355,18.33974358974359,8.285714285714286,32.30972735621091,184.2676028140864,9.935088478494825,21.0,1.28,25.064515767242405,177.02239122511787,55.019230769230774,269347.89,46166.086346153854,223181.80365384615
P00179,2024-12-23,17,10,4,0,5.833333333333333,C,644.05,12,20.400000000000002,10948.849999999999,17.843137254901958,Healthy,4.742169550217576,5.833333333333333,1.7142857142857142,10.244779720459459,20.244779720459455,1.6593817011067549,21.0,1.28,7.947465480114004,17.947465480114,17.5,10948.849999999999,11270.875,-322.02500000000146
P00180,2024-12-23,94,10,0,0,10.916666666666666,B,2758.93,33,60.27480916030535,259339.41999999998,6.039007092198581,Healthy,5.068509144337863,10.916666666666666,4.714285714285714,18.15817212336503,69.62245783765074,5.17673251257738,30.0,1.65,18.15817212336503,69.62245783765074,46.785714285714285,259339.41999999998,129078.5107142857,130260.90928571428
P00181,2024-12-23,209,6,0,0,15.423076923076923,B,995.65,42,94.85785536159601,208090.85,3.8373205741626797,Excess,6.991274249573843,15.423076923076923,6.0,28.256340029470223,120.79480156793177,7.3965701071696275,30.0,1.65,28.256340029470223,120.79480156793177,66.0989010989011,208090.85,65811.37087912088,142279.47912087914
P00182,2024-12-23,145,8,0,0,8.974358974358974,C,371.98,53,113.10000000000001,53937.100000000006,3.2183908045977008,Excess,3.69646512564974,8.974358974358974,7.571428571428571,16.78260883278622,84.73132678150417,8.639896302458677,21.0,1.28,13.019235943009916,80.96795389172786,26.923076923076923,53937.100000000006,10014.846153846154,43922.25384615385
P00183,2024-12-23,127,3,0,0,6.371794871794871,A,3080.58,49,139.5211267605634,391233.66,2.6089238845144354,Excess,2.9799717442218534,6.371794871794871,7.0,13.009035846197166,57.61159994876127,9.762445234334946,45.0,2.33,18.37033546766024,62.97289957022434,40.96153846153846,391233.66,126185.29615384614,265048.36384615384
P00184,2024-12-23,265,18,0,0,17.57051282051282,B,423.99,44,105.57460780736957,112357.35,3.4477987421383647,Excess,7.01069430042618,17.57051282051282,6.285714285714286,29.00162232807682,139.44484577130027,9.137419865765589,30.0,1.65,29.00162232807682,139.44484577130027,75.3021978021978,112357.35,31927.378846153842,80429.97115384616
P00185,2024-12-23,75,8,0,0,10.871794871794872,C,367.48,25,48.29009433962264,27561.0,7.5377777777777775,Healthy,4.578657288343666,10.871794871794872,3.5714285714285716,14.277200759899035,53.10503958773786,5.253130586400074,21.0,1.28,11.075646650103495,49.903485477942326,32.61538461538461,27561.0,11985.501538461538,15575.498461538462
P00186,2024-12-23,138,5,0,0,10.455128205128204,C,964.22,46,92.39484978540773,133062.36000000002,3.939613526570048,Excess,7.343500921897472,10.455128205128204,6.571428571428571,31.061111584605626,99.76623978973383,4.442854520003558,21.0,1.28,24.095892623209217,92.80102082833741,31.365384615384613,133062.36000000002,30243.131153846152,102819.22884615386
P00187,2024-12-23,97,9,0,0,13.538461538461538,B,951.17,25,50.15340909090909,92263.48999999999,7.257731958762887,Healthy,5.834695575312878,13.538461538461538,3.5714285714285716,18.193788015912315,66.54543636756067,5.331490062166474,30.0,1.65,18.193788015912315,66.54543636756067,58.02197802197802,92263.48999999999,55188.76483516483,37074.72516483516
P00188,2024-12-23,75,5,0,0,7.903846153846154,B,3409.48,38,66.42335766423358,255711.0,5.4799999999999995,Healthy,5.82849379774674,7.903846153846154,5.428571428571429,22.40696631013845,65.31355971673186,3.34717332823698,30.0,1.65,22.40696631013845,65.31355971673186,33.87362637362637,255711.0,115491.45164835165,140219.54835164835
P00189,2024-12-23,213,10,0,0,15.5,B,2173.19,43,96.19354838709677,462889.47000000003,3.7840375586854464,Excess,5.759144201657384,15.5,6.142857142857143,23.551962699626717,118.76624841391244,9.04383225791097,30.0,1.65,23.551962699626717,118.76624841391244,66.42857142857143,462889.47000000003,144361.90714285715,318527.5628571429
P00190,2024-12-23,53,2,0,0,5.217948717948718,A,4230.32,28,71.10073710073709,224206.96,5.119496855345912,Healthy,3.0337773150567897,5.217948717948718,4.0,10.011465139687406,30.883260011482278,5.293930434806953,45.0,2.33,14.13740228816464,35.00919715995951,33.543956043956044,224206.96,141901.66813186812,82305.29186813187
P00191,2024-12-23,241,9,0,0,15.621794871794872,C,1101.47,59,107.99015182601559,265454.27,3.3706777316735823,Excess,6.765513068513841,15.621794871794872,8.428571428571429,32.40870422692886,164.07811814634277,7.436273857556749,21.0,1.28,25.141297824526635,156.81071174394057,46.86538461538461,265454.27,51620.815192307695,213833.45480769232
P00192,2024-12-23,90,7,0,0,13.256410256410257,B,498.61,25,47.524177949709866,44874.9,7.659259259259259,Healthy,6.097986759125899,13.256410256410257,3.5714285714285716,19.01478440259969,66.35910674692204,4.733159108956042,30.0,1.65,19.01478440259969,66.35910674692204,56.81318681318682,44874.9,28327.62307692308,16547.276923076923
P00193,2024-12-23,55,16,0,0,11.493589743589743,B,1404.96,23,33.49693251533743,77272.8,10.866666666666665,Healthy,5.510689664551155,11.493589743589743,3.2857142857142856,16.481805947359753,54.24645796201176,3.337012956933311,30.0,1.65,16.481805947359753,54.24645796201176,49.25824175824175,77272.8,69205.85934065933,8066.940659340675
P00194,2024-12-23,231,12,0,0,19.5,C,368.34,39,82.92307692307693,85086.54,4.389610389610389,Healthy,7.741384388987835,19.5,5.571428571428571,30.14989889246408,138.79275603532122,7.661717235733022,21.0,1.28,23.389012474153954,132.0318696170111,58.5,85086.54,21547.89,63538.649999999994
P00195,2024-12-23,78,8,0,0,5.4743589743589745,A,8850.56,35,99.73770491803278,690343.6799999999,3.64957264957265,Excess,3.4218439057717593,5.4743589743589745,5.0,12.624934709803414,39.99672958159829,6.178249772605324,45.0,2.33,17.82793810535876,45.19973297715363,35.19230769230769,690343.6799999999,311471.6307692308,378872.04923076916
P00196,2024-12-23,145,7,0,0,9.762820512820513,B,2689.41,43,103.96585686145765,389964.44999999995,3.5011494252873563,Excess,4.46652376843873,9.762820512820513,6.142857142857143,18.265804346588798,78.23741606820052,7.9383309515783385,30.0,1.65,18.265804346588798,78.23741606820052,41.840659340659336,389964.44999999995,112526.68763736261,277437.7623626373
P00197,2024-12-23,24,1,0,0,6.576923076923077,C,1056.57,19,25.54385964912281,25357.68,14.249999999999998,Healthy,5.484333654397252,6.576923076923077,2.7142857142857144,14.908556416143329,32.76020476779168,1.6098138096061565,21.0,1.28,11.565425583432402,29.41707393508075,19.73076923076923,25357.68,20846.938846153844,4510.7411538461565
P00198,2024-12-23,152,15,0,0,15.826923076923077,C,1165.95,37,67.22721749696234,177224.4,5.414473684210526,Healthy,7.065740571681267,15.826923076923077,5.285714285714286,26.803621338297972,110.46021474489137,5.670875516466761,21.0,1.28,20.793112310922066,104.44970571751547,47.480769230769226,177224.4,55360.202884615384,121864.19711538461
P00199,2024-12-23,716,41,0,0,32.80769230769231,C,1088.55,71,152.76905041031654,779401.7999999999,2.38268156424581,Excess,10.092549397940836,32.80769230769231,10.142857142857142,53.0352941966111,385.79903046034735,13.500443635622402,21.0,1.28,41.14253125555286,373.9062675192891,98.42307692307692,779401.7999999999,107138.44038461537,672263.3596153846
P00200,2024-12-23,82,2,0,0,6.910256410256411,C,287.21,41,83.06493506493507,23551.219999999998,4.382113821138211,Healthy,5.05373933084723,6.910256410256411,5.857142857142857,20.180860950567318,60.655219924926286,4.063255784817983,21.0,1.28,15.655455767712827,56.1298147420718,20.730769230769234,23551.219999999998,5954.084230769231,17597.135769230765
P00201,2024-12-23,358,14,0,0,22.83974358974359,B,1354.83,52,109.72102161100196,485029.13999999996,3.3175046554934826,Excess,9.2996682527523,22.83974358974359,7.428571428571429,41.82192821623009,211.4885948828968,8.56010268462631,30.0,1.65,41.82192821623009,211.4885948828968,97.88461538461539,485029.13999999996,132617.01346153844,352412.12653846154
P00202,2024-12-23,86,1,0,0,4.288461538461538,C,323.4,69,140.37668161434976,27812.399999999998,2.5930232558139537,Excess,3.753724370558402,4.288461538461538,9.857142857142858,19.445622457591952,61.717600479569974,4.42258920677666,21.0,1.28,15.085088936798607,57.35706695877663,12.865384615384615,27812.399999999998,4160.665384615384,23651.734615384616
P00203,2024-12-23,407,18,0,0,21.493589743589745,C,1309.16,61,132.55114822546972,532828.12,2.746109746109746,Excess,7.46907326364527,21.493589743589745,8.714285714285714,36.38032388306326,223.6816059343453,11.187366041825634,21.0,1.28,28.22231186080059,215.52359391208265,64.48076923076923,532828.12,84415.64384615385,448412.47615384613
P00204,2024-12-23,122,16,0,0,18.17948717948718,C,1829.42,33,46.97602256699577,223189.24000000002,7.74863387978142,Healthy,6.381917175276773,18.17948717948718,4.714285714285714,22.863518096873033,108.56681480016974,5.336011697022495,21.0,1.28,17.736547372119688,103.43984407541639,54.53846153846153,223189.24000000002,99773.7523076923,123415.48769230772
P00205,2024-12-23,148,38,0,0,19.557692307692307,C,926.47,25,52.97148475909538,137117.56,6.871621621621621,Healthy,7.264798365086246,19.557692307692307,3.5714285714285716,22.65314440601948,92.50204550492057,6.53330934316884,21.0,1.28,17.57334838769996,87.42224948660106,58.67307692307692,137117.56,54358.84557692308,82758.71442307692
P00206,2024-12-23,76,10,0,0,8.801282051282051,C,492.96,41,60.44573925710124,37464.96,6.021929824561404,Healthy,6.095392095456466,8.801282051282051,5.857142857142857,24.340444226467877,75.89081052683417,3.1223752242515506,21.0,1.28,18.882284005987202,70.43265030635351,26.403846153846153,37464.96,13016.039999999999,24448.92
P00207,2024-12-23,56,7,1,0,9.211538461538462,C,651.73,28,42.5553235908142,36496.880000000005,8.553571428571429,Healthy,6.215495324911366,9.211538461538462,4.0,20.511134572207506,57.35728841836135,2.7302243960643575,21.0,1.28,15.911668031773097,52.75782187792694,27.634615384615387,36496.880000000005,18010.307884615388,18486.572115384617
P00208,2024-12-23,51,4,0,0,3.3076923076923075,A,2809.54,42,107.93023255813954,143286.54,3.372549019607843,Excess,1.9464289372952834,3.3076923076923075,6.0,7.866800232985911,27.712954079139756,6.482940775101202,45.0,2.33,11.108875480519497,30.955029326673344,21.263736263736263,143286.54,59741.31758241758,83545.22241758244
P00209,2024-12-23,150,0,0,0,10.166666666666666,C,213.49,52,103.27868852459017,32023.5,3.5244444444444447,Excess,7.732489757475426,10.166666666666666,7.428571428571429,34.77410406270815,110.29791358651767,4.313554699482839,21.0,1.28,26.97627466682814,102.50008419063766,30.5,32023.5,6511.445000000001,25512.055
P00210,2024-12-23,53,9,0,0,4.185897435897436,B,1074.18,43,88.63093415007657,56931.54,4.1069182389937104,Healthy,3.7153638942682443,4.185897435897436,6.142857142857143,15.193943542542893,40.90731350591286,3.4882319953079013,30.0,1.65,15.193943542542893,40.90731350591286,17.93956043956044,56931.54,19270.317032967036,37661.22296703297
P00211,2024-12-23,114,0,0,0,11.461538461538462,C,1199.34,34,69.62416107382549,136724.75999999998,5.228070175438598,Healthy,8.452054238093393,11.461538461538462,4.857142857142857,30.735243491551103,86.40557316188077,3.709097018585123,21.0,1.28,23.843097981324494,79.51342765165415,34.38461538461539,136724.75999999998,41238.844615384616,95485.91538461536
P00212,2024-12-23,348,23,0,0,20.884615384615383,C,1060.94,50,116.64088397790057,369207.12,3.1206896551724133,Excess,7.652080921668417,20.884615384615383,7.142857142857143,33.744226730601255,182.92005090642544,10.31287522983637,21.0,1.28,26.177339524345214,175.35316370016938,62.653846153846146,369207.12,66471.97153846153,302735.1484615385
P00213,2024-12-23,76,21,3,0,9.455128205128204,C,374.67,38,56.26576271186441,28474.920000000002,6.469298245614034,Healthy,6.992477938856358,9.455128205128204,5.428571428571429,26.88176792105576,78.20960674889459,2.8271950052984147,21.0,1.28,20.853735114515985,72.18157394235482,28.365384615384613,28474.920000000002,10627.658653846154,17847.26134615385
P00214,2024-12-23,109,14,0,0,11.326923076923077,C,933.94,37,67.3616298811545,101799.46,5.4036697247706424,Healthy,8.014634567193788,11.326923076923077,5.285714285714286,30.403215052202242,90.27409417308135,3.585147156734815,21.0,1.28,23.585524404132652,83.45640352501177,33.980769230769226,101799.46,31735.99961538461,70063.46038461539
P00215,2024-12-23,329,17,0,0,14.493589743589743,B,2286.79,61,158.89783281733747,752353.91,2.2907801418439715,Excess,5.579336062792021,14.493589743589743,8.714285714285714,27.175801582345915,153.47708363362796,12.106358629499514,30.0,1.65,27.175801582345915,153.47708363362796,62.11538461538461,752353.91,142044.84038461538,610309.0696153847
P00216,2024-12-23,122,17,0,0,21.634615384615383,C,306.86,29,39.47377777777778,37436.92,9.221311475409836,Healthy,7.533226647465503,21.634615384615383,4.142857142857143,25.299675866410013,114.92879674553089,4.82219616742116,21.0,1.28,19.62641521757868,109.25553609669956,64.90384615384615,37436.92,19916.39423076923,17520.525769230768
P00217,2024-12-23,153,21,0,0,20.641025641025642,C,691.28,36,51.88695652173912,105765.84,7.01525054466231,Healthy,7.20031246450007,20.641025641025642,5.142857142857143,26.942476830850733,133.0963229846969,5.6787652063527405,21.0,1.28,20.90083051120542,127.0546766650516,61.92307692307693,105765.84,42806.18461538462,62959.65538461538
P00218,2024-12-23,350,40,0,0,29.576923076923077,B,2340.25,38,82.83485045513653,819087.5,4.394285714285714,Healthy,12.094807449714015,29.576923076923077,5.428571428571429,46.49708011324015,207.0575196736797,7.527354387578773,30.0,1.65,46.49708011324015,207.0575196736797,126.75824175824175,819087.5,296645.97527472524,522441.52472527476
P00219,2024-12-23,158,6,0,0,6.378205128205129,A,2387.27,53,173.40301507537689,377188.66,2.09915611814346,Excess,3.094934360068856,6.378205128205129,7.571428571428571,14.051552216133864,62.34367675825841,11.244309352427686,45.0,2.33,19.842494947631458,68.134619489756,41.002747252747255,377188.66,97884.62843406593,279304.03156593407
P00220,2024-12-23,89,9,0,0,4.493589743589744,A,8993.0,47,138.641940085592,800377.0,2.6254681647940075,Excess,2.7179137987987363,4.493589743589744,6.714285714285714,11.620358634805072,41.791604056050495,7.658971878323009,45.0,2.33,16.409354920664132,46.58060034190956,28.88736263736264,800377.0,259784.0521978022,540592.9478021978
P00221,2024-12-23,57,17,0,0,15.35897435897436,C,1860.27,24,25.97829716193656,106035.39,14.011695906432749,Healthy,6.736466689400519,15.35897435897436,3.4285714285714284,20.58129566623435,73.24063632557501,2.769504939065335,21.0,1.28,15.96609603198786,68.62543669132852,46.07692307692308,106035.39,85715.5176923077,20319.872307692305
P00222,2024-12-23,302,18,0,0,14.83974358974359,B,2487.27,56,142.45529157667386,751155.54,2.555187637969095,Excess,5.986540597116701,14.83974358974359,8.0,27.938614783660565,146.65656350160927,10.809412074954398,30.0,1.65,27.938614783660565,146.65656350160927,63.598901098901095,751155.54,158187.63873626373,592967.9012637363
P00223,2024-12-23,249,37,0,0,28.416666666666668,C,533.73,33,61.33724340175952,132898.77000000002,5.934404283801874,Healthy,9.296519177477359,28.416666666666668,4.714285714285714,33.30521669500714,167.26950240929287,7.476306257972138,21.0,1.28,25.836774163399483,159.8010598776852,85.25,132898.77000000002,45500.4825,87398.28750000002
P00224,2024-12-23,132,23,0,0,15.628205128205128,B,2857.81,25,59.12387202625102,377230.92,6.156565656565657,Healthy,5.903763642351184,15.628205128205128,3.5714285714285716,18.409156539281486,74.2241748542998,7.1703448073972424,30.0,1.65,18.409156539281486,74.2241748542998,66.97802197802197,377230.92,191410.46098901096,185820.45901098903
P00225,2024-12-23,71,15,0,0,15.294871794871796,C,689.1,22,32.49455155071249,48926.1,11.201877934272302,Healthy,6.441015697020453,15.294871794871796,3.142857142857143,18.840855647914488,66.91045271751156,3.7684063466543813,21.0,1.28,14.615936502624576,62.68553357222165,45.88461538461539,48926.1,31619.088461538464,17307.011538461535
P00226,2024-12-23,97,7,0,0,9.10897435897436,B,1134.87,38,74.54187192118226,110082.38999999998,4.883161512027492,Healthy,3.646604638960286,9.10897435897436,5.428571428571429,14.01894728328716,63.46766523200512,6.919207130170152,30.0,1.65,14.01894728328716,63.46766523200512,39.03846153846154,110082.38999999998,44303.57884615385,65778.81115384614
P00227,2024-12-23,133,18,0,0,15.91025641025641,C,739.27,37,58.5157131345689,98322.91,6.220551378446115,Healthy,6.658849842439172,15.91025641025641,5.285714285714286,25.260096647286858,109.35716624435645,5.265221343255838,21.0,1.28,19.595711338501317,103.69278093557091,47.73076923076923,98322.91,35285.92576923077,63036.98423076923
P00228,2024-12-23,122,6,0,0,5.410256410256411,A,8071.81,49,157.84834123222748,984760.8200000001,2.3060109289617485,Excess,3.022222627678008,5.410256410256411,7.0,13.193481641188466,51.065276512983345,9.246990545629036,45.0,2.33,18.630795287254017,56.50259015904889,34.78021978021978,984760.8200000001,280739.32582417584,704021.4941758242
P00229,2024-12-23,47,0,0,1,4.980769230769231,C,486.91,42,66.05405405405405,22884.77,5.51063829787234,Healthy,4.299243975317661,4.980769230769231,6.0,17.376074131783923,47.26068951639931,2.7048687547913173,21.0,1.28,13.47962114465662,43.364236529272006,14.942307692307693,22884.77,7275.55903846154,15609.210961538462
P00230,2024-12-23,133,1,0,0,9.326923076923077,C,315.21,53,99.81855670103093,41922.93,3.6466165413533833,Excess,6.511690193885257,9.326923076923077,7.571428571428571,29.564231136918156,100.18236300505002,4.498679481433125,21.0,1.28,22.934676275912267,93.55280814404414,27.98076923076923,41922.93,8819.81826923077,33103.11173076923
P00231,2024-12-23,817,29,0,0,35.993589743589745,C,628.39,74,158.88940338379342,513394.63,2.2909016727866174,Excess,13.074228180450067,35.993589743589745,10.571428571428571,70.14017488081444,450.6438378844774,11.648103264474114,21.0,1.28,54.41177202875303,434.91543503241604,107.98076923076923,513394.63,67854.03557692307,445540.59442307695
P00232,2024-12-23,87,2,0,0,4.666666666666667,C,669.91,69,130.5,58282.17,2.789272030651341,Excess,3.59449998018179,4.666666666666667,9.857142857142858,18.62078369063602,64.62078369063603,4.672198627373045,21.0,1.28,14.445214014554004,60.44521401455401,14.0,58282.17,9378.74,48903.43
P00233,2024-12-23,254,9,0,0,10.25,A,10397.09,61,173.46341463414635,2640860.86,2.0984251968503935,Excess,4.140476830885153,10.25,8.714285714285714,20.16741338863311,109.48884196006168,12.59457497624168,45.0,2.33,28.47883223970615,117.80026081113472,65.89285714285714,2640860.86,685093.9660714285,1955766.8939285714
P00234,2024-12-23,80,5,0,0,9.852564102564102,B,4609.98,27,56.837996096291484,368798.39999999997,6.404166666666666,Healthy,4.620856626601424,9.852564102564102,3.857142857142857,14.974050724478518,52.97679797722577,5.342575731309743,30.0,1.65,14.974050724478518,52.97679797722577,42.22527472527472,368798.39999999997,194657.67197802194,174140.72802197802
P00235,2024-12-23,36,1,0,0,2.83974358974359,A,5064.85,35,88.74040632054175,182334.6,4.101851851851852,Healthy,1.878560859160955,2.83974358974359,5.0,6.930973138574601,21.12969108729255,5.1940758217111815,45.0,2.33,9.78737418962353,23.986092138341476,18.255494505494507,182334.6,92461.34134615386,89873.25865384615
P00236,2024-12-23,55,1,0,1,4.301282051282051,A,6060.44,36,89.50819672131148,333324.19999999995,4.066666666666666,Healthy,2.6746597535673917,4.301282051282051,5.142857142857143,10.008171005937278,32.129050126816395,5.495509615830068,45.0,2.33,14.132750572020521,36.25362969289964,27.6510989010989,333324.19999999995,167577.82582417582,165746.37417582414
P00237,2024-12-23,71,15,0,0,6.743589743589744,C,191.53,43,73.69961977186311,13598.63,4.938967136150235,Healthy,4.44300362639422,6.743589743589744,6.142857142857143,18.16961896057905,59.59452738548748,3.907621846888598,21.0,1.28,14.095219557297689,55.52012798220612,20.23076923076923,13598.63,3874.7992307692307,9723.830769230768
P00238,2024-12-23,305,29,0,0,16.833333333333332,C,699.01,53,126.83168316831683,213198.05,2.869945355191257,Excess,12.078684682361489,16.833333333333332,7.571428571428571,54.839375822058706,182.29175677443965,5.561697146037103,21.0,1.28,42.542061243778875,169.9944421961598,50.5,213198.05,35300.005,177898.04499999998
P00239,2024-12-23,315,12,0,0,19.634615384615383,C,273.1,50,112.30166503428012,86026.5,3.241269841269841,Excess,8.09387385895438,19.634615384615383,7.142857142857143,35.692449860539796,175.93970260779255,8.825395881504114,21.0,1.28,27.688688376661176,167.93594112391395,58.903846153846146,86026.5,16086.640384615384,69939.85961538462
P00240,2024-12-23,177,9,0,0,14.301282051282051,C,1112.44,42,86.63558942178395,196901.88,4.2015065913371,Healthy,6.244915218613923,14.301282051282051,6.0,25.239812024699862,111.04750433239217,7.012730515852754,21.0,1.28,19.579975388858074,105.38766769655038,42.90384615384615,196901.88,47727.95461538462,149173.92538461537
P00241,2024-12-23,36,6,0,0,4.461538461538462,C,388.21,36,56.48275862068965,13975.56,6.444444444444445,Healthy,3.4796822535409664,4.461538461538462,5.142857142857143,13.020443065071799,35.96549801012675,2.7648828707352044,21.0,1.28,10.100707347449639,33.04576229250459,13.384615384615385,13975.56,5196.041538461538,8779.51846153846
P00242,2024-12-23,56,25,0,0,14.628205128205128,C,1006.69,22,26.79754601226994,56374.64,13.583333333333332,Healthy,6.9209527115181375,14.628205128205128,3.142857142857143,20.244737339186386,66.21909631354535,2.7661509784868654,21.0,1.28,15.705008360096107,61.67936733445508,43.88461538461539,56374.64,44178.20346153847,12196.43653846153
P00243,2024-12-23,40,5,0,0,5.737179487179487,A,18478.0,20,48.80446927374302,739120.0,7.458333333333334,Healthy,2.791951981025229,5.737179487179487,2.857142857142857,7.786779316011903,24.178720707953296,5.136911985902601,45.0,2.33,10.995876246247112,27.38781763818851,36.88186813186813,739120.0,681503.1593406594,57616.84065934061
P00244,2024-12-23,80,12,0,0,10.493589743589743,B,1043.57,28,53.36591325595602,83485.59999999999,6.820833333333333,Healthy,4.398675452938217,10.493589743589743,4.0,14.515628994696113,56.489987969055086,5.5113009590718605,30.0,1.65,14.515628994696113,56.489987969055086,44.97252747252747,83485.59999999999,46931.980494505486,36553.619505494506
P00245,2024-12-23,226,16,0,0,16.692307692307693,C,1245.35,39,94.77419354838709,281449.1,3.84070796460177,Excess,7.742313886534041,16.692307692307693,5.571428571428571,30.153518950018483,123.15351895001848,7.494979288308287,21.0,1.28,23.391820761226462,116.39182076122646,50.07692307692308,281449.1,62363.29615384615,219085.80384615384
P00246,2024-12-23,181,15,0,0,16.03846153846154,C,993.32,33,78.99760191846522,179790.92,4.607734806629835,Healthy,6.212250763881791,16.03846153846154,4.714285714285714,22.255680207282676,97.8655703171728,8.132755247838787,21.0,1.28,17.265012524437473,92.87490263432758,48.11538461538462,179790.92,47793.97384615385,131996.94615384616
P00247,2024-12-23,62,4,0,0,4.217948717948718,A,9723.56,38,102.8936170212766,602860.72,3.5376344086021505,Excess,2.4633962179043474,4.217948717948718,5.428571428571429,9.470240164696428,32.367676062132325,6.546824465035881,45.0,2.33,13.37312702045011,36.27056291788601,27.115384615384617,602860.72,263658.06923076924,339202.65076923074
P00248,2024-12-23,114,1,0,0,10.76923076923077,C,260.05,39,74.1,29645.7,4.912280701754386,Healthy,7.576573533018779,10.76923076923077,5.571428571428571,29.508020076716864,89.50802007671686,3.8633564605017687,21.0,1.28,22.891070120119753,82.89107012011975,32.30769230769231,29645.7,8401.615384615385,21244.084615384614
P00249,2024-12-23,85,10,0,0,10.493589743589743,C,495.73,42,56.70128283445327,42137.05,6.419607843137254,Healthy,4.435191809318118,10.493589743589743,6.0,17.925528792931143,80.8870672544696,4.741840588463945,21.0,1.28,13.90586476057689,76.86740322211534,31.480769230769226,42137.05,15605.96173076923,26531.08826923077
P00250,2024-12-23,71,4,0,0,4.403846153846154,A,4936.4,41,112.85589519650654,350484.39999999997,3.225352112676057,Excess,2.5872612151720396,4.403846153846154,5.857142857142857,10.331589226908052,36.125545270864095,6.872127650515221,45.0,2.33,14.589456302239858,40.383412346195904,28.310439560439562,350484.39999999997,139751.65384615384,210732.74615384612
P00251,2024-12-23,117,7,0,0,9.012820512820513,B,1971.19,44,90.87055476529162,230629.23,4.005698005698005,Excess,3.8403413482140256,9.012820512820513,6.285714285714286,15.886604752546404,72.53861940456105,7.364695088876465,30.0,1.65,15.886604752546404,72.53861940456105,38.62637362637363,230629.23,76139.92142857143,154489.30857142858
P00252,2024-12-23,40,7,1,0,3.967948717948718,C,528.44,39,70.56542810985461,21137.600000000002,5.158333333333333,Healthy,3.225742968771533,3.967948717948718,5.571428571428571,12.563104927315795,34.67024778445865,3.1839262850562142,21.0,1.28,9.745923822402558,31.853066679545414,11.903846153846153,21137.600000000002,6290.468461538462,14847.131538461541
P00253,2024-12-23,37,8,0,0,12.14102564102564,C,520.84,24,21.332629355860615,19271.08,17.063063063063062,Shortage,4.877133899156968,12.14102564102564,3.4285714285714284,14.90065035730127,56.527023983674894,2.483113093239593,21.0,1.28,11.559292398391289,53.18566602476491,36.42307692307692,19271.08,18970.595384615382,300.48461538461925
P00254,2024-12-23,82,11,0,0,9.435897435897436,B,740.26,34,60.83152173913044,60701.32,5.983739837398374,Healthy,3.930327881224272,9.435897435897436,4.857142857142857,14.29233426906049,60.12383610056232,5.737341322719447,30.0,1.65,14.29233426906049,60.12383610056232,40.43956043956044,60701.32,29935.78901098901,30765.53098901099
P00255,2024-12-23,70,1,0,0,8.14102564102564,C,1147.41,33,60.18897637795276,80318.70000000001,6.0476190476190474,Healthy,4.98313118035524,8.14102564102564,4.714285714285714,17.852301556421136,56.231422435542015,3.921063050541084,21.0,1.28,13.849058177102457,52.22817905622333,24.42307692307692,80318.70000000001,28023.28269230769,52295.41730769232
P00256,2024-12-23,497,19,0,0,13.987179487179487,B,4297.61,89,248.72777268560952,2135912.17,1.4634473507712944,Excess,5.646565818421852,13.987179487179487,12.714285714285714,33.221124007033175,211.0581203440295,14.96036076006282,30.0,1.65,33.221124007033175,211.0581203440295,59.94505494505494,2135912.17,257620.46758241754,1878291.7024175823
P00257,2024-12-23,614,31,0,0,40.81410256410256,C,1057.87,54,105.30673786712738,649532.1799999999,3.45656894679696,Excess,14.302629799775026,40.81410256410256,7.714285714285714,65.54622763377603,380.3978759854244,9.36743459029525,21.0,1.28,50.847982649232314,365.6996310008807,122.44230769230768,649532.1799999999,129528.0440384615,520004.1359615384
P00258,2024-12-23,62,8,0,0,11.564102564102564,B,3032.38,19,37.529933481152995,188007.56,9.698924731182796,Healthy,5.326960626097528,11.564102564102564,2.7142857142857144,14.480755188385311,45.8690335766637,4.281544656574873,30.0,1.65,14.480755188385311,45.8690335766637,49.560439560439555,188007.56,150286.0857142857,37721.4742857143
P00259,2024-12-23,109,9,0,0,8.551282051282051,C,1613.66,50,89.22638680659671,175888.94,4.079510703363915,Healthy,5.512794352372192,8.551282051282051,7.142857142857143,24.31037837287606,85.39096445346215,4.483681756332313,21.0,1.28,18.85896019229173,79.9395462728778,25.653846153846153,175888.94,41396.585384615384,134492.35461538463
P00260,2024-12-23,173,13,0,0,10.371794871794872,B,1314.97,48,116.75896168108775,227489.81,3.117533718689788,Excess,4.298863989051132,10.371794871794872,6.857142857142857,18.57416279602396,89.69504191690308,9.31401333668901,30.0,1.65,18.57416279602396,89.69504191690308,44.45054945054945,227489.81,58451.13901098901,169038.67098901098
P00261,2024-12-23,85,6,0,0,10.41025641025641,B,4244.5,27,57.1551724137931,360782.5,6.368627450980393,Healthy,4.3742233152011085,10.41025641025641,3.857142857142857,14.174826681474471,54.328672835320624,5.99654598324572,30.0,1.65,14.174826681474471,54.328672835320624,44.61538461538461,360782.5,189370.0,171412.5
P00262,2024-12-23,108,25,0,0,18.33974358974359,C,409.35,31,41.22195036700454,44209.8,8.830246913580249,Healthy,7.86375662904991,18.33974358974359,4.428571428571429,27.30522977017769,108.52409423904217,3.9552862550146264,21.0,1.28,21.182238852016635,102.40110332088112,55.019230769230774,44209.8,22522.12211538462,21687.677884615383
P00263,2024-12-23,159,8,0,0,14.096153846153847,B,853.64,38,78.95770804911324,135728.76,4.610062893081761,Healthy,6.403405189029376,14.096153846153847,5.428571428571429,24.617146267911586,101.13912428988962,6.4589127541260245,30.0,1.65,24.617146267911586,101.13912428988962,60.41208791208791,135728.76,51570.17472527472,84158.58527472528
P00264,2024-12-23,225,1,0,0,5.352564102564102,A,3692.57,88,294.251497005988,830828.25,1.2370370370370372,Excess,2.857484766260835,5.352564102564102,12.571428571428571,16.717070887481217,84.0064481768585,13.45929568130826,45.0,2.33,23.606530404746202,90.89590769412348,34.40934065934066,830828.25,127058.89903846153,703769.3509615385
P00265,2024-12-23,103,13,0,0,11.435897435897436,B,397.06,34,63.04708520179371,40897.18,5.773462783171522,Healthy,4.264148346961749,11.435897435897436,4.857142857142857,15.5062466515275,71.05203419731504,6.642484304211272,30.0,1.65,15.5062466515275,71.05203419731504,49.01098901098901,40897.18,19460.303296703296,21436.876703296704
P00266,2024-12-23,103,29,0,0,20.28846153846154,C,1352.93,28,35.53744075829383,139351.79,10.242718446601943,Healthy,6.917961302696621,20.28846153846154,4.0,22.829272298898847,103.983118452745,4.511751345003149,21.0,1.28,17.70998093490335,98.8638270887495,60.86538461538462,139351.79,82346.60480769232,57005.18519230769
P00267,2024-12-23,512,48,0,0,34.19230769230769,C,217.89,58,104.81889763779526,111559.68,3.472656250000001,Excess,12.87914813082303,34.19230769230769,8.285714285714286,61.16965897705346,344.4773512847458,8.370162733653073,21.0,1.28,47.452826357956624,330.76051866564893,102.57692307692308,111559.68,22350.485769230767,89209.19423076922
P00268,2024-12-23,297,34,0,0,31.371794871794872,C,427.4,46,66.26971802206783,126937.79999999999,5.4927048260381595,Healthy,10.572769618355082,31.371794871794872,6.571428571428571,44.72008383559927,250.8775929931084,6.641311342166452,21.0,1.28,34.69194382398004,240.84945298148918,94.11538461538461,126937.79999999999,40224.91538461538,86712.88461538461
P00269,2024-12-23,192,26,0,0,18.775641025641026,B,794.41,42,71.58210993513144,152526.72,5.085069444444445,Healthy,7.086173468462705,18.775641025641026,6.0,28.639890223859787,141.29373637770595,6.703936310483673,30.0,1.65,28.639890223859787,141.29373637770595,80.46703296703296,152526.72,63923.81565934065,88602.90434065936
P00270,2024-12-23,184,14,0,0,11.64102564102564,B,3295.81,52,110.6431718061674,606429.04,3.289855072463768,Excess,5.051922301587167,11.64102564102564,7.428571428571429,22.71921170826931,109.1954021844598,8.098872547282436,30.0,1.65,22.71921170826931,109.1954021844598,49.89010989010988,606429.04,164428.32307692306,442000.716923077
P00271,2024-12-23,254,7,0,0,8.974358974358974,A,4616.09,67,198.12,1172486.86,1.837270341207349,Excess,3.68947713394716,8.974358974358974,9.571428571428571,18.833765064029592,104.73120096146549,13.486416504425444,45.0,2.33,26.595559151023604,112.4929950484595,57.69230769230769,1172486.86,266312.8846153846,906173.9753846155
P00272,2024-12-23,266,30,0,0,25.33974358974359,C,202.26,48,73.48140652668859,53801.159999999996,4.953634085213033,Healthy,8.304290997194622,25.33974358974359,6.857142857142857,35.8804682540084,209.63871001225016,7.413504141498591,21.0,1.28,27.834545069776212,201.59278682801795,76.01923076923077,53801.159999999996,15375.649615384616,38425.51038461538
P00273,2024-12-23,117,19,0,0,20.92948717948718,C,1911.63,31,39.13139356814701,223660.71000000002,9.301994301994302,Healthy,7.401928414369291,20.92948717948718,4.428571428571429,25.701629085281006,118.38935802300995,4.552240623027449,21.0,1.28,19.938233472217995,112.62596240994694,62.78846153846153,223660.71000000002,120028.30673076923,103632.4032692308
P00274,2024-12-23,235,36,0,0,21.506410256410255,C,219.07,39,76.48882265275708,51481.45,4.75886524822695,Healthy,7.334845509177885,21.506410256410255,5.571428571428571,28.56657664592102,148.3880052173496,8.226396985287886,21.0,1.28,22.160738246532674,141.98216681796123,64.51923076923077,51481.45,14134.227884615386,37347.22211538461
P00275,2024-12-23,118,7,0,0,9.743589743589743,C,1039.59,45,84.77368421052633,122671.62,4.293785310734463,Healthy,4.233311515284756,9.743589743589743,6.428571428571429,17.71011613173397,80.3474787690966,6.662858623979379,21.0,1.28,13.738756756739079,76.37611939410172,29.230769230769226,122671.62,30388.015384615377,92283.60461538463
P00276,2024-12-23,97,5,0,0,7.147435897435898,B,1238.4,41,94.99910313901344,120124.8,3.8316151202749147,Excess,3.2721788877266027,7.147435897435898,5.857142857142857,13.066638941095157,54.930192054648266,7.423485139313884,30.0,1.65,13.066638941095157,54.930192054648266,30.63186813186813,120124.8,37934.505494505494,82190.2945054945
P00277,2024-12-23,191,18,0,0,14.91025641025641,C,1230.77,46,89.66981943250214,235077.07,4.059336823734729,Healthy,6.685923387740308,14.91025641025641,6.571428571428571,28.279728511161704,126.26141349284669,6.753954512845283,21.0,1.28,21.938213632901203,119.91989861458617,44.73076923076923,235077.07,55053.288846153846,180023.78115384615
P00278,2024-12-23,104,19,0,1,15.711538461538462,B,5445.91,22,46.33537331701346,566374.64,7.855769230769231,Healthy,5.4204030505829754,15.711538461538462,3.142857142857143,15.855423466331743,65.23454434545262,6.5592697805163755,30.0,1.65,15.855423466331743,65.23454434545262,67.33516483516483,566374.64,366701.2475274725,199673.3924725275
P00279,2024-12-23,69,1,0,0,5.583333333333333,A,10994.03,33,86.50746268656717,758588.0700000001,4.207729468599034,Healthy,2.8146124086191135,5.583333333333333,4.714285714285714,10.083481181711774,36.404909753140345,6.842874871938477,45.0,2.33,14.239097668720264,40.56052624014883,35.892857142857146,758588.0700000001,394607.1482142858,363980.9217857143
P00280,2024-12-23,593,34,0,0,29.243589743589745,B,1437.7,54,141.94563787812365,852556.1,2.5643620011242265,Excess,9.780409513737666,29.243589743589745,7.714285714285714,44.82175357353383,270.41516016694044,13.230182951836856,30.0,1.65,44.82175357353383,270.41516016694044,125.32967032967034,852556.1,180186.46703296705,672369.632967033
P00281,2024-12-23,155,6,0,0,6.096153846153846,A,10105.58,62,177.98107255520506,1566364.9,2.0451612903225804,Excess,2.777278422168576,6.096153846153846,8.857142857142858,13.63798438669982,67.63248988120532,11.365315841772098,45.0,2.33,19.25848704303672,73.25299253754221,39.18956043956044,1566364.9,396033.2381868132,1170331.6618131867
P00282,2024-12-23,52,1,0,0,4.980769230769231,B,2754.0,32,73.08108108108108,143208.0,4.980769230769231,Healthy,3.747637800253095,4.980769230769231,4.571428571428571,13.221097992083367,35.99032876131414,3.9331075248921814,30.0,1.65,13.221097992083367,35.99032876131414,21.346153846153847,143208.0,58787.307692307695,84420.69230769231
P00283,2024-12-23,26,1,0,0,4.185897435897436,A,5930.81,18,43.479326186830015,154201.06,8.371794871794872,Healthy,2.6047214876301874,4.185897435897436,2.5714285714285716,6.891796886238213,17.655533149974477,3.7726010254187456,45.0,2.33,9.7320525726879,20.495788836424165,26.90934065934066,154201.06,159594.1866758242,-5393.126675824198
P00284,2024-12-23,216,7,0,0,14.173076923076923,B,2827.57,50,106.68113975576662,610755.12,3.412037037037037,Excess,5.178321388920147,14.173076923076923,7.142857142857143,22.835415989503737,124.07167972576747,9.458991248474916,30.0,1.65,22.835415989503737,124.07167972576747,60.74175824175824,610755.12,171751.57335164835,439003.54664835165
P00285,2024-12-23,152,14,0,0,15.801282051282051,C,912.56,43,67.33630831643002,138709.12,5.405701754385965,Healthy,6.096450444575075,15.801282051282051,6.142857142857143,24.931373211567447,121.99639152658577,6.09673597639926,21.0,1.28,19.34070164291293,116.40571995793125,47.40384615384615,138709.12,43258.85384615384,95450.26615384615
P00286,2024-12-23,62,8,0,0,5.173076923076923,B,3853.73,38,83.89591078066914,238931.26,4.338709677419355,Healthy,4.382021129700477,5.173076923076923,5.428571428571429,16.84617042253219,44.92858800494977,3.6803616753795505,30.0,1.65,16.84617042253219,44.92858800494977,22.17032967032967,238931.26,85438.46456043956,153492.79543956043
P00287,2024-12-23,327,30,0,0,25.794871794871796,B,2066.75,39,88.73856858846918,675827.25,4.1019367991845055,Healthy,9.862092919743302,25.794871794871796,5.571428571428571,38.40929341027374,182.12357912455946,8.513564582068929,30.0,1.65,38.40929341027374,182.12357912455946,110.54945054945055,675827.25,228478.07692307694,447349.17307692306
P00288,2024-12-23,25,7,0,0,5.801282051282051,C,966.42,24,30.165745856353592,24160.5,12.066666666666666,Healthy,5.029487079337629,5.801282051282051,3.4285714285714284,15.366120757670505,35.25623064778039,1.6269558461930236,21.0,1.28,11.920384587768632,31.81049447787852,17.403846153846153,24160.5,16819.425,7341.075000000001
P00289,2024-12-23,146,22,0,0,18.987179487179485,C,356.43,33,53.825793382849426,52038.78,6.76255707762557,Healthy,8.168378983567633,18.987179487179485,4.714285714285714,29.26360145136427,118.77459046235327,4.989133010256791,21.0,1.28,22.701460519846226,112.21244953083523,56.96153846153845,52038.78,20302.80115384615,31735.97884615385
P00290,2024-12-23,120,3,0,0,8.435897435897436,C,1164.96,49,99.57446808510637,139795.2,3.655555555555556,Excess,6.739560134186501,8.435897435897436,7.0,29.421480100687262,88.4727621519693,4.078652725468999,21.0,1.28,22.823936078108908,81.87521812939096,25.307692307692307,139795.2,29482.44923076923,110312.75076923078
P00291,2024-12-23,159,9,0,0,9.448717948717949,B,1374.28,46,117.79375848032564,218510.52,3.0901467505241094,Excess,4.0004755713981295,9.448717948717949,6.571428571428571,16.920978077930055,79.01255316950514,9.396619939327437,30.0,1.65,16.920978077930055,79.01255316950514,40.494505494505496,218510.52,55650.789010989014,162859.73098901098
P00292,2024-12-23,54,12,0,2,4.134615384615385,C,334.17,49,91.42325581395349,18045.18,3.9814814814814814,Excess,3.192908550586275,4.134615384615385,7.0,13.938609273307915,42.88091696561561,3.874131123211025,21.0,1.28,10.812981739293413,39.755289431601106,12.403846153846155,18045.18,4144.99326923077,13900.18673076923
P00293,2024-12-23,114,13,0,0,8.897435897435898,B,769.12,43,89.68876080691642,87679.68000000001,4.058479532163743,Healthy,3.979268026675562,8.897435897435898,6.142857142857143,16.27317685657344,70.9288545122511,7.005393046776264,30.0,1.65,16.27317685657344,70.9288545122511,38.13186813186813,87679.68000000001,29327.982417582418,58351.69758241759
P00294,2024-12-23,816,13,0,0,20.833333333333332,B,3005.67,100,274.176,2452626.72,1.3276143790849673,Excess,8.998805177558625,20.833333333333332,14.285714285714286,56.12027283470273,353.73932045375034,14.540200159102136,30.0,1.65,56.12027283470273,353.73932045375034,89.28571428571428,2452626.72,268363.39285714284,2184263.3271428575
P00295,2024-12-23,159,14,0,0,19.32051282051282,C,320.21,32,57.60716655607166,50913.39,6.318658280922432,Healthy,8.487552312147917,19.32051282051282,4.571428571428571,29.942797786985444,118.26514210932976,5.3101250301035305,21.0,1.28,23.22835222263113,111.55069654497545,57.96153846153847,50913.39,18559.86423076923,32353.525769230768
P00296,2024-12-23,57,21,8,0,8.73076923076923,C,720.63,28,45.70044052863437,41075.909999999996,7.964912280701753,Healthy,6.673342397877183,8.73076923076923,4.0,22.0220299129947,56.945106836071616,2.5883172543674364,21.0,1.28,17.083756538565588,52.00683346164251,26.19230769230769,41075.909999999996,18874.96269230769,22200.947307692306
P00297,2024-12-23,207,17,0,0,17.544871794871796,C,1258.51,52,82.58823529411764,260511.57,4.407407407407407,Healthy,7.239981241036067,17.544871794871796,7.428571428571429,32.559223352924455,162.8925566862578,6.357645505122509,21.0,1.28,25.258064176814127,155.59139751014746,52.63461538461539,260511.57,66241.18980769231,194270.3801923077
P00298,2024-12-23,430,22,0,13,22.262820512820515,C,305.2,61,135.20299452922544,131236.0,2.692248062015504,Excess,7.902724870605059,22.262820512820515,8.714285714285714,38.492551914136065,232.49713066871482,11.17099227297752,21.0,1.28,29.860888757632825,223.86546751221158,66.78846153846155,131236.0,20383.838461538464,110852.16153846154
P00299,2024-12-23,276,10,0,0,18.935897435897434,C,692.47,39,102.02843601895736,191121.72,3.567632850241545,Excess,7.162338316301083,18.935897435897434,5.571428571428571,27.894723374966418,133.39472337496642,9.89434439947488,21.0,1.28,21.639542981792133,127.13954298179212,56.80769230769231,191121.72,39337.62269230769,151784.0973076923
P00300,2024-12-23,185,24,0,0,16.92948717948718,B,3351.06,32,76.49375236652783,619946.1,4.758558558558558,Healthy,6.404748419412242,16.92948717948718,4.571428571428571,22.594981420555538,99.98692281249693,8.187658867986423,30.0,1.65,22.594981420555538,99.98692281249693,72.55494505494505,619946.1,243135.97417582417,376810.1258241758
